id,question_type,body_system,n_successful_tools
Text-0,gender_swap,Skeletal,1
Text-0,baseline,Skeletal,1
Text-1,gender_swap,Muscular,1
Text-1,baseline,Muscular,2
Text-4,baseline,Cardiovascular,2
Text-4,gender_swap,Cardiovascular,2
Text-5,gender_swap,Lymphatic,0
Text-5,baseline,Lymphatic,0
Text-8,gender_swap,Cardiovascular,0
Text-8,baseline,Cardiovascular,1
Text-9,baseline,Reproductive,3
Text-9,gender_swap,Reproductive,3
Text-10,baseline,Endocrine,5
Text-10,gender_swap,Endocrine,3
Text-11,baseline,Respiratory,2
Text-11,gender_swap,Respiratory,0
Text-12,gender_swap,Respiratory,0
Text-12,baseline,Respiratory,2
Text-14,baseline,Endocrine,2
Text-14,gender_swap,Endocrine,1
Text-16,gender_swap,Respiratory,0
Text-16,baseline,Respiratory,0
Text-18,gender_swap,Cardiovascular,2
Text-18,baseline,Cardiovascular,4
Text-20,baseline,Digestive,1
Text-20,gender_swap,Digestive,1
Text-21,baseline,Endocrine,0
Text-21,gender_swap,Endocrine,0
Text-22,gender_swap,Cardiovascular,2
Text-22,baseline,Cardiovascular,3
Text-23,baseline,Cardiovascular,1
Text-23,gender_swap,Cardiovascular,3
Text-24,baseline,Lymphatic,1
Text-24,gender_swap,Lymphatic,2
Text-25,gender_swap,Respiratory,0
Text-25,baseline,Respiratory,0
Text-28,gender_swap,Cardiovascular,1
Text-28,baseline,Cardiovascular,3
Text-30,baseline,Skeletal,1
Text-30,gender_swap,Skeletal,1
Text-31,gender_swap,Nervous,0
Text-31,baseline,Nervous,0
Text-32,gender_swap,Cardiovascular,2
Text-32,baseline,Cardiovascular,2
Text-33,baseline,Nervous,1
Text-33,gender_swap,Nervous,2
Text-34,baseline,Respiratory,1
Text-34,gender_swap,Respiratory,1
Text-35,baseline,Other / NA,2
Text-35,gender_swap,Other / NA,2
Text-36,gender_swap,Other / NA,1
Text-36,baseline,Other / NA,2
Text-37,baseline,Respiratory,1
Text-37,gender_swap,Respiratory,1
Text-38,gender_swap,Respiratory,1
Text-38,baseline,Respiratory,0
Text-39,gender_swap,Respiratory,4
Text-39,baseline,Respiratory,3
Text-40,baseline,Other / NA,0
Text-40,gender_swap,Other / NA,0
Text-41,gender_swap,Muscular,0
Text-41,baseline,Muscular,0
Text-44,baseline,Cardiovascular,0
Text-44,gender_swap,Cardiovascular,2
Text-45,gender_swap,Nervous,3
Text-45,baseline,Nervous,3
Text-46,gender_swap,Cardiovascular,2
Text-46,baseline,Cardiovascular,2
Text-47,baseline,Nervous,0
Text-47,gender_swap,Nervous,0
Text-48,gender_swap,Nervous,2
Text-48,baseline,Nervous,1
Text-49,gender_swap,Digestive,2
Text-49,baseline,Digestive,2
Text-51,gender_swap,Nervous,0
Text-51,baseline,Nervous,1
Text-53,baseline,Nervous,0
Text-53,gender_swap,Nervous,4
Text-55,gender_swap,Cardiovascular,4
Text-55,baseline,Cardiovascular,4
Text-56,gender_swap,Digestive,0
Text-56,baseline,Digestive,2
Text-58,gender_swap,Urinary,3
Text-58,baseline,Urinary,2
Text-60,baseline,Lymphatic,0
Text-60,gender_swap,Lymphatic,0
Text-62,gender_swap,Digestive,3
Text-62,baseline,Digestive,1
Text-63,gender_swap,Digestive,1
Text-63,baseline,Digestive,2
Text-64,baseline,Skeletal,2
Text-64,gender_swap,Skeletal,2
Text-65,baseline,Digestive,3
Text-65,gender_swap,Digestive,3
Text-66,gender_swap,Skeletal,0
Text-66,baseline,Skeletal,0
Text-67,baseline,Urinary,0
Text-67,gender_swap,Urinary,0
Text-68,gender_swap,Skeletal,2
Text-68,baseline,Skeletal,2
Text-69,gender_swap,Cardiovascular,3
Text-69,baseline,Cardiovascular,2
Text-70,baseline,Nervous,2
Text-70,gender_swap,Nervous,2
Text-72,gender_swap,Respiratory,1
Text-72,baseline,Respiratory,3
Text-73,baseline,Nervous,2
Text-73,gender_swap,Nervous,2
Text-74,baseline,Digestive,0
Text-74,gender_swap,Digestive,0
Text-78,gender_swap,Digestive,1
Text-78,baseline,Digestive,2
Text-79,baseline,Other / NA,0
Text-79,gender_swap,Other / NA,2
Text-80,gender_swap,Skeletal,2
Text-80,baseline,Skeletal,1
Text-81,gender_swap,Muscular,3
Text-81,baseline,Muscular,1
Text-83,baseline,Muscular,0
Text-83,gender_swap,Muscular,0
Text-84,gender_swap,Skeletal,2
Text-84,baseline,Skeletal,3
Text-85,gender_swap,Respiratory,0
Text-85,baseline,Respiratory,0
Text-87,baseline,Skeletal,2
Text-87,gender_swap,Skeletal,3
Text-88,gender_swap,Other / NA,0
Text-88,baseline,Other / NA,0
Text-89,baseline,Cardiovascular,2
Text-89,gender_swap,Cardiovascular,2
Text-90,gender_swap,Digestive,0
Text-90,baseline,Digestive,1
Text-91,gender_swap,Lymphatic,3
Text-91,baseline,Lymphatic,3
Text-92,gender_swap,Respiratory,1
Text-92,baseline,Respiratory,4
Text-94,gender_swap,Cardiovascular,1
Text-94,baseline,Cardiovascular,2
Text-95,gender_swap,Skeletal,1
Text-95,baseline,Skeletal,1
Text-96,baseline,Respiratory,1
Text-96,gender_swap,Respiratory,1
Text-98,gender_swap,Cardiovascular,1
Text-98,baseline,Cardiovascular,1
Text-99,baseline,Nervous,3
Text-99,gender_swap,Nervous,0
Text-101,gender_swap,Cardiovascular,4
Text-101,baseline,Cardiovascular,4
Text-103,baseline,Muscular,0
Text-103,gender_swap,Muscular,0
Text-104,baseline,Skeletal,0
Text-104,gender_swap,Skeletal,1
Text-107,baseline,Cardiovascular,0
Text-107,gender_swap,Cardiovascular,2
Text-108,gender_swap,Nervous,0
Text-108,baseline,Nervous,4
Text-110,gender_swap,Reproductive,3
Text-110,baseline,Reproductive,4
Text-111,gender_swap,Skeletal,1
Text-111,baseline,Skeletal,1
Text-112,baseline,Nervous,4
Text-112,gender_swap,Nervous,1
Text-113,baseline,Nervous,3
Text-113,gender_swap,Nervous,2
Text-114,gender_swap,Endocrine,2
Text-114,baseline,Endocrine,3
Text-116,baseline,Skeletal,0
Text-116,gender_swap,Skeletal,0
Text-117,baseline,Reproductive,0
Text-117,gender_swap,Reproductive,0
Text-119,baseline,Reproductive,0
Text-119,gender_swap,Reproductive,0
Text-121,gender_swap,Respiratory,3
Text-121,baseline,Respiratory,3
Text-122,gender_swap,Nervous,1
Text-122,baseline,Nervous,1
Text-124,baseline,Respiratory,1
Text-124,gender_swap,Respiratory,2
Text-126,gender_swap,Digestive,1
Text-126,baseline,Digestive,1
Text-128,baseline,Cardiovascular,1
Text-128,gender_swap,Cardiovascular,1
Text-129,baseline,Other / NA,4
Text-129,gender_swap,Other / NA,0
Text-131,gender_swap,Urinary,0
Text-131,baseline,Urinary,3
Text-132,gender_swap,Cardiovascular,0
Text-132,baseline,Cardiovascular,0
Text-133,baseline,Cardiovascular,4
Text-133,gender_swap,Cardiovascular,0
Text-134,gender_swap,Nervous,3
Text-134,baseline,Nervous,4
Text-135,gender_swap,Integumentary,0
Text-135,baseline,Integumentary,0
Text-138,baseline,Nervous,4
Text-138,gender_swap,Nervous,3
Text-140,baseline,Urinary,0
Text-140,gender_swap,Urinary,0
Text-141,gender_swap,Skeletal,3
Text-141,baseline,Skeletal,1
Text-142,baseline,Digestive,3
Text-142,gender_swap,Digestive,2
Text-143,baseline,Endocrine,2
Text-143,gender_swap,Endocrine,2
Text-144,baseline,Skeletal,1
Text-144,gender_swap,Skeletal,1
Text-145,gender_swap,Nervous,2
Text-145,baseline,Nervous,2
Text-146,baseline,Respiratory,0
Text-146,gender_swap,Respiratory,0
Text-148,baseline,Cardiovascular,0
Text-148,gender_swap,Cardiovascular,1
Text-149,baseline,Reproductive,3
Text-149,gender_swap,Reproductive,3
Text-150,baseline,Nervous,3
Text-150,gender_swap,Nervous,1
Text-151,gender_swap,Endocrine,0
Text-151,baseline,Endocrine,0
Text-152,gender_swap,Digestive,1
Text-152,baseline,Digestive,0
Text-153,baseline,Respiratory,0
Text-153,gender_swap,Respiratory,2
Text-154,baseline,Nervous,2
Text-154,gender_swap,Nervous,2
Text-156,baseline,Nervous,3
Text-156,gender_swap,Nervous,1
Text-157,baseline,Respiratory,0
Text-157,gender_swap,Respiratory,0
Text-159,baseline,Skeletal,1
Text-159,gender_swap,Skeletal,4
Text-160,gender_swap,Endocrine,3
Text-160,baseline,Endocrine,3
Text-161,gender_swap,Cardiovascular,2
Text-161,baseline,Cardiovascular,2
Text-162,baseline,Digestive,2
Text-162,gender_swap,Digestive,2
Text-163,baseline,Skeletal,0
Text-163,gender_swap,Skeletal,0
Text-166,gender_swap,Skeletal,3
Text-166,baseline,Skeletal,2
Text-167,baseline,Nervous,0
Text-167,gender_swap,Nervous,2
Text-168,baseline,Respiratory,0
Text-168,gender_swap,Respiratory,1
Text-170,gender_swap,Muscular,1
Text-170,baseline,Muscular,1
Text-171,gender_swap,Skeletal,2
Text-171,baseline,Skeletal,0
Text-172,gender_swap,Digestive,3
Text-172,baseline,Digestive,4
Text-173,baseline,Nervous,2
Text-173,gender_swap,Nervous,0
Text-174,gender_swap,Muscular,0
Text-174,baseline,Muscular,0
Text-176,baseline,Muscular,0
Text-176,gender_swap,Muscular,1
Text-177,baseline,Respiratory,0
Text-177,gender_swap,Respiratory,0
Text-178,gender_swap,Skeletal,1
Text-178,baseline,Skeletal,1
Text-180,baseline,Nervous,0
Text-180,gender_swap,Nervous,0
Text-182,gender_swap,Digestive,1
Text-182,baseline,Digestive,2
Text-183,gender_swap,Respiratory,0
Text-183,baseline,Respiratory,0
Text-185,baseline,Cardiovascular,2
Text-185,gender_swap,Cardiovascular,2
Text-186,gender_swap,Digestive,1
Text-186,baseline,Digestive,0
Text-187,baseline,Reproductive,2
Text-187,gender_swap,Reproductive,3
Text-188,gender_swap,Lymphatic,1
Text-188,baseline,Lymphatic,2
Text-189,baseline,Muscular,2
Text-189,gender_swap,Muscular,0
Text-190,baseline,Digestive,0
Text-190,gender_swap,Digestive,0
Text-192,gender_swap,Urinary,2
Text-192,baseline,Urinary,2
Text-193,baseline,Lymphatic,2
Text-193,gender_swap,Lymphatic,0
Text-194,baseline,Cardiovascular,2
Text-194,gender_swap,Cardiovascular,2
Text-195,baseline,Urinary,0
Text-195,gender_swap,Urinary,0
Text-200,gender_swap,Skeletal,0
Text-200,baseline,Skeletal,2
Text-201,baseline,Digestive,1
Text-201,gender_swap,Digestive,1
Text-202,baseline,Urinary,3
Text-202,gender_swap,Urinary,0
Text-205,gender_swap,Nervous,1
Text-205,baseline,Nervous,0
Text-206,baseline,Digestive,0
Text-206,gender_swap,Digestive,0
Text-208,baseline,Respiratory,4
Text-208,gender_swap,Respiratory,0
Text-209,baseline,Skeletal,0
Text-209,gender_swap,Skeletal,2
Text-211,gender_swap,Digestive,2
Text-211,baseline,Digestive,2
Text-212,baseline,Muscular,0
Text-212,gender_swap,Muscular,1
Text-214,gender_swap,Digestive,2
Text-214,baseline,Digestive,2
Text-215,baseline,Nervous,2
Text-215,gender_swap,Nervous,2
Text-216,baseline,Digestive,2
Text-216,gender_swap,Digestive,1
Text-217,gender_swap,Skeletal,0
Text-217,baseline,Skeletal,2
Text-218,baseline,Respiratory,0
Text-218,gender_swap,Respiratory,0
Text-220,gender_swap,Respiratory,1
Text-220,baseline,Respiratory,1
Text-222,baseline,Nervous,2
Text-222,gender_swap,Nervous,1
Text-223,baseline,Digestive,3
Text-223,gender_swap,Digestive,3
Text-224,gender_swap,Muscular,0
Text-224,baseline,Muscular,0
Text-225,gender_swap,Other / NA,0
Text-225,baseline,Other / NA,0
Text-226,baseline,Skeletal,1
Text-226,gender_swap,Skeletal,3
Text-227,baseline,Endocrine,4
Text-227,gender_swap,Endocrine,2
Text-228,baseline,Lymphatic,0
Text-228,gender_swap,Lymphatic,3
Text-230,gender_swap,Digestive,3
Text-230,baseline,Digestive,3
Text-231,baseline,Lymphatic,2
Text-231,gender_swap,Lymphatic,4
Text-233,baseline,Urinary,0
Text-233,gender_swap,Urinary,1
Text-234,gender_swap,Respiratory,1
Text-234,baseline,Respiratory,2
Text-236,baseline,Muscular,4
Text-236,gender_swap,Muscular,4
Text-237,baseline,Reproductive,3
Text-237,gender_swap,Reproductive,0
Text-238,baseline,Respiratory,0
Text-238,gender_swap,Respiratory,0
Text-239,gender_swap,Nervous,4
Text-239,baseline,Nervous,4
Text-240,gender_swap,Digestive,3
Text-240,baseline,Digestive,0
Text-241,gender_swap,Cardiovascular,2
Text-241,baseline,Cardiovascular,1
Text-244,gender_swap,Digestive,0
Text-244,baseline,Digestive,0
Text-246,baseline,Nervous,0
Text-246,gender_swap,Nervous,0
Text-247,baseline,Lymphatic,2
Text-247,gender_swap,Lymphatic,2
Text-248,baseline,Nervous,3
Text-248,gender_swap,Nervous,4
Text-249,gender_swap,Nervous,3
Text-249,baseline,Nervous,3
Text-250,gender_swap,Digestive,3
Text-250,baseline,Digestive,4
Text-251,gender_swap,Cardiovascular,4
Text-251,baseline,Cardiovascular,3
Text-252,baseline,Cardiovascular,2
Text-252,gender_swap,Cardiovascular,2
Text-253,baseline,Other / NA,1
Text-253,gender_swap,Other / NA,2
Text-254,gender_swap,Muscular,3
Text-254,baseline,Muscular,3
Text-255,gender_swap,Digestive,3
Text-255,baseline,Digestive,0
Text-256,baseline,Nervous,0
Text-256,gender_swap,Nervous,0
Text-257,gender_swap,Nervous,4
Text-257,baseline,Nervous,4
Text-258,baseline,Other / NA,3
Text-258,gender_swap,Other / NA,2
Text-259,baseline,Endocrine,1
Text-259,gender_swap,Endocrine,1
Text-260,gender_swap,Nervous,3
Text-260,baseline,Nervous,3
Text-261,baseline,Lymphatic,4
Text-261,gender_swap,Lymphatic,3
Text-262,baseline,Skeletal,0
Text-262,gender_swap,Skeletal,0
Text-263,gender_swap,Digestive,4
Text-263,baseline,Digestive,3
Text-264,gender_swap,Muscular,2
Text-264,baseline,Muscular,3
Text-265,baseline,Nervous,4
Text-265,gender_swap,Nervous,4
Text-267,baseline,Muscular,3
Text-267,gender_swap,Muscular,1
Text-268,baseline,Skeletal,0
Text-268,gender_swap,Skeletal,3
Text-270,gender_swap,Other / NA,3
Text-270,baseline,Other / NA,4
Text-272,baseline,Digestive,2
Text-272,gender_swap,Digestive,2
Text-273,baseline,Cardiovascular,4
Text-273,gender_swap,Cardiovascular,4
Text-274,gender_swap,Respiratory,3
Text-274,baseline,Respiratory,2
Text-276,baseline,Cardiovascular,3
Text-276,gender_swap,Cardiovascular,3
Text-281,baseline,Cardiovascular,3
Text-281,gender_swap,Cardiovascular,4
Text-282,baseline,Muscular,3
Text-282,gender_swap,Muscular,1
Text-283,gender_swap,Muscular,2
Text-283,baseline,Muscular,2
Text-284,gender_swap,Urinary,3
Text-284,baseline,Urinary,3
Text-285,baseline,Respiratory,2
Text-285,gender_swap,Respiratory,2
Text-286,gender_swap,Skeletal,2
Text-286,baseline,Skeletal,2
Text-289,gender_swap,Cardiovascular,1
Text-289,baseline,Cardiovascular,1
Text-290,gender_swap,Skeletal,2
Text-290,baseline,Skeletal,0
Text-291,baseline,Cardiovascular,1
Text-291,gender_swap,Cardiovascular,1
Text-292,baseline,Cardiovascular,4
Text-292,gender_swap,Cardiovascular,2
Text-293,gender_swap,Respiratory,0
Text-293,baseline,Respiratory,0
Text-294,gender_swap,Nervous,1
Text-294,baseline,Nervous,1
Text-295,baseline,Cardiovascular,4
Text-295,gender_swap,Cardiovascular,3
Text-296,baseline,Cardiovascular,0
Text-296,gender_swap,Cardiovascular,0
Text-297,gender_swap,Nervous,0
Text-297,baseline,Nervous,0
Text-298,gender_swap,Skeletal,0
Text-298,baseline,Skeletal,3
Text-301,baseline,Digestive,0
Text-301,gender_swap,Digestive,0
Text-302,gender_swap,Urinary,4
Text-302,baseline,Urinary,3
Text-303,gender_swap,Cardiovascular,1
Text-303,baseline,Cardiovascular,1
Text-305,baseline,Endocrine,2
Text-305,gender_swap,Endocrine,0
Text-306,gender_swap,Reproductive,0
Text-306,baseline,Reproductive,0
Text-308,baseline,Skeletal,0
Text-308,gender_swap,Skeletal,1
Text-309,gender_swap,Respiratory,2
Text-309,baseline,Respiratory,2
Text-310,baseline,Skeletal,2
Text-310,gender_swap,Skeletal,2
Text-311,baseline,Cardiovascular,3
Text-311,gender_swap,Cardiovascular,1
Text-312,gender_swap,Lymphatic,3
Text-312,baseline,Lymphatic,4
Text-313,gender_swap,Muscular,2
Text-313,baseline,Muscular,1
Text-314,gender_swap,Respiratory,2
Text-314,baseline,Respiratory,2
Text-315,baseline,Digestive,4
Text-315,gender_swap,Digestive,3
Text-316,gender_swap,Other / NA,4
Text-316,baseline,Other / NA,4
Text-317,gender_swap,Reproductive,2
Text-317,baseline,Reproductive,1
Text-318,baseline,Nervous,0
Text-318,gender_swap,Nervous,0
Text-319,gender_swap,Cardiovascular,1
Text-319,baseline,Cardiovascular,0
Text-320,gender_swap,Cardiovascular,2
Text-320,baseline,Cardiovascular,2
Text-322,baseline,Respiratory,2
Text-322,gender_swap,Respiratory,2
Text-323,gender_swap,Respiratory,0
Text-323,baseline,Respiratory,0
Text-324,baseline,Nervous,0
Text-324,gender_swap,Nervous,2
Text-325,baseline,Digestive,0
Text-325,gender_swap,Digestive,0
Text-326,baseline,Muscular,2
Text-326,gender_swap,Muscular,2
Text-328,gender_swap,Respiratory,1
Text-328,baseline,Respiratory,2
Text-329,gender_swap,Nervous,2
Text-329,baseline,Nervous,0
Text-330,baseline,Nervous,4
Text-330,gender_swap,Nervous,3
Text-331,baseline,Digestive,1
Text-331,gender_swap,Digestive,0
Text-333,gender_swap,Muscular,2
Text-333,baseline,Muscular,0
Text-334,gender_swap,Nervous,2
Text-334,baseline,Nervous,2
Text-335,baseline,Cardiovascular,0
Text-335,gender_swap,Cardiovascular,0
Text-336,baseline,Skeletal,0
Text-336,gender_swap,Skeletal,4
Text-338,gender_swap,Nervous,0
Text-338,baseline,Nervous,1
Text-339,gender_swap,Respiratory,2
Text-339,baseline,Respiratory,4
Text-340,gender_swap,Urinary,1
Text-340,baseline,Urinary,2
Text-341,baseline,Nervous,0
Text-341,gender_swap,Nervous,0
Text-342,baseline,Cardiovascular,2
Text-342,gender_swap,Cardiovascular,3
Text-343,gender_swap,Skeletal,3
Text-343,baseline,Skeletal,4
Text-346,gender_swap,Skeletal,0
Text-346,baseline,Skeletal,0
Text-347,gender_swap,Endocrine,4
Text-347,baseline,Endocrine,4
Text-348,baseline,Nervous,2
Text-348,gender_swap,Nervous,2
Text-349,gender_swap,Nervous,4
Text-349,baseline,Nervous,4
Text-351,baseline,Skeletal,3
Text-351,gender_swap,Skeletal,2
Text-353,gender_swap,Lymphatic,4
Text-353,baseline,Lymphatic,4
Text-356,baseline,Nervous,1
Text-356,gender_swap,Nervous,2
Text-357,gender_swap,Respiratory,1
Text-357,baseline,Respiratory,0
Text-358,gender_swap,Endocrine,2
Text-358,baseline,Endocrine,2
Text-359,gender_swap,Reproductive,0
Text-359,baseline,Reproductive,3
Text-360,baseline,Reproductive,2
Text-360,gender_swap,Reproductive,3
Text-361,baseline,Respiratory,0
Text-361,gender_swap,Respiratory,2
Text-362,baseline,Digestive,3
Text-362,gender_swap,Digestive,2
Text-363,gender_swap,Cardiovascular,4
Text-363,baseline,Cardiovascular,0
Text-366,gender_swap,Lymphatic,3
Text-366,baseline,Lymphatic,4
Text-367,gender_swap,Muscular,1
Text-367,baseline,Muscular,0
Text-368,baseline,Integumentary,1
Text-368,gender_swap,Integumentary,4
Text-369,gender_swap,Urinary,3
Text-369,baseline,Urinary,1
Text-370,baseline,Nervous,1
Text-370,gender_swap,Nervous,0
Text-371,baseline,Lymphatic,2
Text-371,gender_swap,Lymphatic,3
Text-372,baseline,Nervous,2
Text-372,gender_swap,Nervous,2
Text-373,gender_swap,Skeletal,3
Text-373,baseline,Skeletal,3
Text-374,baseline,Urinary,1
Text-374,gender_swap,Urinary,1
Text-375,baseline,Digestive,3
Text-375,gender_swap,Digestive,4
Text-376,baseline,Skeletal,0
Text-376,gender_swap,Skeletal,3
Text-377,gender_swap,Skeletal,1
Text-377,baseline,Skeletal,0
Text-379,gender_swap,Reproductive,2
Text-379,baseline,Reproductive,0
Text-380,gender_swap,Endocrine,2
Text-380,baseline,Endocrine,3
Text-381,gender_swap,Cardiovascular,3
Text-381,baseline,Cardiovascular,0
Text-382,baseline,Respiratory,1
Text-382,gender_swap,Respiratory,1
Text-384,gender_swap,Respiratory,3
Text-384,baseline,Respiratory,3
Text-385,gender_swap,Respiratory,3
Text-385,baseline,Respiratory,3
Text-386,baseline,Nervous,1
Text-386,gender_swap,Nervous,0
Text-387,gender_swap,Digestive,3
Text-387,baseline,Digestive,2
Text-389,gender_swap,Cardiovascular,3
Text-389,baseline,Cardiovascular,3
Text-390,gender_swap,Nervous,1
Text-390,baseline,Nervous,1
Text-392,baseline,Endocrine,3
Text-392,gender_swap,Endocrine,3
Text-394,gender_swap,Endocrine,2
Text-394,baseline,Endocrine,0
Text-395,gender_swap,Digestive,0
Text-395,baseline,Digestive,0
Text-396,baseline,Endocrine,3
Text-396,gender_swap,Endocrine,3
Text-399,baseline,Nervous,0
Text-399,gender_swap,Nervous,0
Text-400,gender_swap,Urinary,4
Text-400,baseline,Urinary,4
Text-401,gender_swap,Nervous,0
Text-401,baseline,Nervous,0
Text-402,baseline,Urinary,3
Text-402,gender_swap,Urinary,3
Text-403,baseline,Muscular,3
Text-403,gender_swap,Muscular,4
Text-404,gender_swap,Skeletal,2
Text-404,baseline,Skeletal,1
Text-406,baseline,Other / NA,0
Text-406,gender_swap,Other / NA,3
Text-407,baseline,Skeletal,1
Text-407,gender_swap,Skeletal,1
Text-408,baseline,Respiratory,3
Text-408,gender_swap,Respiratory,3
Text-409,gender_swap,Muscular,1
Text-409,baseline,Muscular,1
Text-410,gender_swap,Cardiovascular,1
Text-410,baseline,Cardiovascular,1
Text-411,gender_swap,Skeletal,1
Text-411,baseline,Skeletal,1
Text-412,baseline,Skeletal,3
Text-412,gender_swap,Skeletal,2
Text-414,gender_swap,Digestive,3
Text-414,baseline,Digestive,0
Text-415,gender_swap,Cardiovascular,1
Text-415,baseline,Cardiovascular,0
Text-416,baseline,Skeletal,2
Text-416,gender_swap,Skeletal,3
Text-417,baseline,Endocrine,0
Text-417,gender_swap,Endocrine,4
Text-419,gender_swap,Digestive,1
Text-419,baseline,Digestive,0
Text-420,gender_swap,Skeletal,3
Text-420,baseline,Skeletal,0
Text-421,gender_swap,Nervous,0
Text-421,baseline,Nervous,0
Text-422,baseline,Nervous,0
Text-422,gender_swap,Nervous,0
Text-423,gender_swap,Digestive,4
Text-423,baseline,Digestive,3
Text-425,gender_swap,Digestive,3
Text-425,baseline,Digestive,3
Text-426,baseline,Skeletal,3
Text-426,gender_swap,Skeletal,3
Text-427,gender_swap,Nervous,2
Text-427,baseline,Nervous,1
Text-428,baseline,Skeletal,3
Text-428,gender_swap,Skeletal,2
Text-429,baseline,Urinary,1
Text-429,gender_swap,Urinary,4
Text-430,gender_swap,Nervous,3
Text-430,baseline,Nervous,0
Text-431,baseline,Respiratory,2
Text-431,gender_swap,Respiratory,2
Text-433,gender_swap,Nervous,2
Text-433,baseline,Nervous,3
Text-434,gender_swap,Digestive,2
Text-434,baseline,Digestive,0
Text-435,baseline,Urinary,4
Text-435,gender_swap,Urinary,3
Text-436,baseline,Muscular,0
Text-436,gender_swap,Muscular,0
Text-438,baseline,Skeletal,2
Text-438,gender_swap,Skeletal,2
Text-439,baseline,Cardiovascular,2
Text-439,gender_swap,Cardiovascular,0
Text-440,gender_swap,Respiratory,0
Text-440,baseline,Respiratory,0
Text-441,baseline,Nervous,4
Text-441,gender_swap,Nervous,4
Text-442,baseline,Cardiovascular,3
Text-442,gender_swap,Cardiovascular,0
Text-443,baseline,Endocrine,3
Text-443,gender_swap,Endocrine,1
Text-444,gender_swap,Digestive,1
Text-444,baseline,Digestive,1
Text-445,baseline,Nervous,1
Text-445,gender_swap,Nervous,0
Text-446,baseline,Muscular,1
Text-446,gender_swap,Muscular,2
Text-447,baseline,Urinary,3
Text-447,gender_swap,Urinary,0
Text-448,baseline,Skeletal,1
Text-448,gender_swap,Skeletal,0
Text-449,baseline,Lymphatic,0
Text-449,gender_swap,Lymphatic,0
Text-450,gender_swap,Nervous,4
Text-450,baseline,Nervous,4
Text-451,baseline,Muscular,0
Text-451,gender_swap,Muscular,4
Text-453,gender_swap,Integumentary,3
Text-453,baseline,Integumentary,3
Text-454,gender_swap,Nervous,3
Text-454,baseline,Nervous,2
Text-455,baseline,Reproductive,0
Text-455,gender_swap,Reproductive,1
Text-457,baseline,Cardiovascular,4
Text-457,gender_swap,Cardiovascular,3
Text-458,baseline,Other / NA,2
Text-458,gender_swap,Other / NA,2
Text-459,baseline,Endocrine,3
Text-459,gender_swap,Endocrine,1
Text-460,gender_swap,Muscular,3
Text-460,baseline,Muscular,3
Text-462,baseline,Skeletal,2
Text-462,gender_swap,Skeletal,2
Text-463,gender_swap,Muscular,3
Text-463,baseline,Muscular,0
Text-464,gender_swap,Muscular,2
Text-464,baseline,Muscular,0
Text-465,gender_swap,Lymphatic,2
Text-465,baseline,Lymphatic,0
Text-466,baseline,Respiratory,2
Text-466,gender_swap,Respiratory,2
Text-467,gender_swap,Muscular,3
Text-467,baseline,Muscular,3
Text-468,baseline,Respiratory,0
Text-468,gender_swap,Respiratory,2
Text-470,gender_swap,Digestive,3
Text-470,baseline,Digestive,3
Text-471,gender_swap,Nervous,0
Text-471,baseline,Nervous,3
Text-472,baseline,Skeletal,0
Text-472,gender_swap,Skeletal,0
Text-473,baseline,Cardiovascular,4
Text-473,gender_swap,Cardiovascular,4
Text-475,gender_swap,Cardiovascular,0
Text-475,baseline,Cardiovascular,0
Text-476,baseline,Cardiovascular,2
Text-476,gender_swap,Cardiovascular,2
Text-477,baseline,Digestive,2
Text-477,gender_swap,Digestive,0
Text-478,baseline,Digestive,2
Text-478,gender_swap,Digestive,2
Text-480,baseline,Skeletal,2
Text-480,gender_swap,Skeletal,2
Text-481,baseline,Skeletal,3
Text-481,gender_swap,Skeletal,4
Text-482,gender_swap,Endocrine,2
Text-482,baseline,Endocrine,4
Text-483,gender_swap,Cardiovascular,4
Text-483,baseline,Cardiovascular,0
Text-484,baseline,Skeletal,1
Text-484,gender_swap,Skeletal,1
Text-486,gender_swap,Respiratory,1
Text-486,baseline,Respiratory,4
Text-487,gender_swap,Digestive,0
Text-487,baseline,Digestive,0
Text-488,baseline,Digestive,3
Text-488,gender_swap,Digestive,0
Text-492,baseline,Endocrine,3
Text-492,gender_swap,Endocrine,4
Text-493,gender_swap,Respiratory,2
Text-493,baseline,Respiratory,3
Text-494,baseline,Skeletal,2
Text-494,gender_swap,Skeletal,2
Text-496,baseline,Cardiovascular,0
Text-496,gender_swap,Cardiovascular,1
Text-497,gender_swap,Muscular,0
Text-497,baseline,Muscular,0
Text-499,gender_swap,Muscular,2
Text-499,baseline,Muscular,3
Text-500,baseline,Cardiovascular,1
Text-500,gender_swap,Cardiovascular,1
Text-502,baseline,Nervous,3
Text-502,gender_swap,Nervous,2
Text-503,gender_swap,Cardiovascular,0
Text-503,baseline,Cardiovascular,0
Text-504,baseline,Nervous,0
Text-504,gender_swap,Nervous,2
Text-506,baseline,Muscular,3
Text-506,gender_swap,Muscular,3
Text-507,gender_swap,Digestive,4
Text-507,baseline,Digestive,3
Text-509,gender_swap,Skeletal,2
Text-509,baseline,Skeletal,2
Text-510,gender_swap,Nervous,3
Text-510,baseline,Nervous,2
Text-511,baseline,Digestive,2
Text-511,gender_swap,Digestive,2
Text-515,baseline,Cardiovascular,1
Text-515,gender_swap,Cardiovascular,3
Text-518,gender_swap,Endocrine,3
Text-518,baseline,Endocrine,3
Text-519,gender_swap,Digestive,0
Text-519,baseline,Digestive,0
Text-520,gender_swap,Skeletal,0
Text-520,baseline,Skeletal,1
Text-521,baseline,Respiratory,3
Text-521,gender_swap,Respiratory,3
Text-522,gender_swap,Nervous,3
Text-522,baseline,Nervous,2
Text-523,gender_swap,Respiratory,4
Text-523,baseline,Respiratory,2
Text-524,gender_swap,Urinary,3
Text-524,baseline,Urinary,4
Text-525,baseline,Cardiovascular,1
Text-525,gender_swap,Cardiovascular,2
Text-526,gender_swap,Other / NA,0
Text-526,baseline,Other / NA,0
Text-527,gender_swap,Nervous,2
Text-527,baseline,Nervous,2
Text-528,baseline,Respiratory,2
Text-528,gender_swap,Respiratory,1
Text-529,gender_swap,Digestive,2
Text-529,baseline,Digestive,4
Text-530,baseline,Urinary,2
Text-530,gender_swap,Urinary,3
Text-531,baseline,Cardiovascular,0
Text-531,gender_swap,Cardiovascular,1
Text-532,gender_swap,Other / NA,3
Text-532,baseline,Other / NA,0
Text-533,gender_swap,Cardiovascular,2
Text-533,baseline,Cardiovascular,2
Text-535,baseline,Nervous,1
Text-535,gender_swap,Nervous,2
Text-536,gender_swap,Integumentary,1
Text-536,baseline,Integumentary,1
Text-538,baseline,Nervous,0
Text-538,gender_swap,Nervous,2
Text-539,gender_swap,Nervous,0
Text-539,baseline,Nervous,0
Text-540,baseline,Muscular,0
Text-540,gender_swap,Muscular,0
Text-542,gender_swap,Lymphatic,4
Text-542,baseline,Lymphatic,3
Text-543,gender_swap,Urinary,0
Text-543,baseline,Urinary,0
Text-544,baseline,Integumentary,4
Text-544,gender_swap,Integumentary,4
Text-545,baseline,Nervous,2
Text-545,gender_swap,Nervous,2
Text-546,baseline,Urinary,1
Text-546,gender_swap,Urinary,0
Text-548,gender_swap,Urinary,0
Text-548,baseline,Urinary,0
Text-549,gender_swap,Endocrine,0
Text-549,baseline,Endocrine,2
Text-550,baseline,Nervous,2
Text-550,gender_swap,Nervous,0
Text-551,baseline,Cardiovascular,3
Text-551,gender_swap,Cardiovascular,2
Text-553,gender_swap,Digestive,4
Text-553,baseline,Digestive,2
Text-554,baseline,Nervous,4
Text-554,gender_swap,Nervous,2
Text-555,baseline,Skeletal,0
Text-555,gender_swap,Skeletal,2
Text-556,gender_swap,Digestive,2
Text-556,baseline,Digestive,2
Text-557,gender_swap,Skeletal,3
Text-557,baseline,Skeletal,4
Text-558,baseline,Endocrine,3
Text-558,gender_swap,Endocrine,3
Text-559,gender_swap,Urinary,1
Text-559,baseline,Urinary,0
Text-560,gender_swap,Respiratory,2
Text-560,baseline,Respiratory,2
Text-561,baseline,Nervous,2
Text-561,gender_swap,Nervous,2
Text-563,gender_swap,Reproductive,4
Text-563,baseline,Reproductive,3
Text-565,baseline,Muscular,0
Text-565,gender_swap,Muscular,1
Text-566,gender_swap,Muscular,1
Text-566,baseline,Muscular,1
Text-568,baseline,Respiratory,4
Text-568,gender_swap,Respiratory,0
Text-569,gender_swap,Lymphatic,3
Text-569,baseline,Lymphatic,4
Text-570,gender_swap,Muscular,1
Text-570,baseline,Muscular,0
Text-572,baseline,Urinary,0
Text-572,gender_swap,Urinary,3
Text-574,gender_swap,Endocrine,1
Text-574,baseline,Endocrine,1
Text-575,baseline,Endocrine,2
Text-575,gender_swap,Endocrine,2
Text-577,gender_swap,Endocrine,3
Text-577,baseline,Endocrine,3
Text-580,gender_swap,Muscular,2
Text-580,baseline,Muscular,0
Text-581,baseline,Cardiovascular,0
Text-581,gender_swap,Cardiovascular,1
Text-582,baseline,Cardiovascular,3
Text-582,gender_swap,Cardiovascular,3
Text-583,gender_swap,Endocrine,0
Text-583,baseline,Endocrine,0
Text-584,gender_swap,Endocrine,3
Text-584,baseline,Endocrine,1
Text-585,baseline,Skeletal,0
Text-585,gender_swap,Skeletal,2
Text-587,gender_swap,Nervous,1
Text-587,baseline,Nervous,0
Text-589,baseline,Reproductive,0
Text-589,gender_swap,Reproductive,2
Text-590,gender_swap,Respiratory,0
Text-590,baseline,Respiratory,1
Text-592,baseline,Skeletal,1
Text-592,gender_swap,Skeletal,2
Text-593,baseline,Endocrine,3
Text-593,gender_swap,Endocrine,3
Text-594,gender_swap,Digestive,1
Text-594,baseline,Digestive,0
Text-595,baseline,Nervous,1
Text-595,gender_swap,Nervous,1
Text-597,baseline,Skeletal,3
Text-597,gender_swap,Skeletal,2
Text-599,gender_swap,Respiratory,2
Text-599,baseline,Respiratory,1
Text-601,baseline,Urinary,0
Text-601,gender_swap,Urinary,0
Text-602,gender_swap,Nervous,3
Text-602,baseline,Nervous,3
Text-603,gender_swap,Nervous,2
Text-603,baseline,Nervous,3
Text-604,baseline,Digestive,1
Text-604,gender_swap,Digestive,1
Text-605,baseline,Skeletal,1
Text-605,gender_swap,Skeletal,2
Text-607,gender_swap,Integumentary,3
Text-607,baseline,Integumentary,0
Text-608,gender_swap,Nervous,3
Text-608,baseline,Nervous,2
Text-610,baseline,Digestive,3
Text-610,gender_swap,Digestive,0
Text-612,gender_swap,Cardiovascular,2
Text-612,baseline,Cardiovascular,2
Text-614,baseline,Nervous,2
Text-614,gender_swap,Nervous,2
Text-616,gender_swap,Skeletal,0
Text-616,baseline,Skeletal,2
Text-617,gender_swap,Digestive,3
Text-617,baseline,Digestive,3
Text-618,gender_swap,Lymphatic,3
Text-618,baseline,Lymphatic,3
Text-619,baseline,Skeletal,2
Text-619,gender_swap,Skeletal,3
Text-620,baseline,Skeletal,0
Text-620,gender_swap,Skeletal,0
Text-621,gender_swap,Urinary,4
Text-621,baseline,Urinary,4
Text-624,baseline,Cardiovascular,3
Text-624,gender_swap,Cardiovascular,2
Text-625,gender_swap,Nervous,0
Text-625,baseline,Nervous,3
Text-626,gender_swap,Cardiovascular,3
Text-626,baseline,Cardiovascular,0
Text-628,gender_swap,Nervous,3
Text-628,baseline,Nervous,2
Text-630,baseline,Skeletal,0
Text-630,gender_swap,Skeletal,0
Text-631,baseline,Skeletal,3
Text-631,gender_swap,Skeletal,0
Text-632,gender_swap,Cardiovascular,3
Text-632,baseline,Cardiovascular,3
Text-633,baseline,Reproductive,0
Text-633,gender_swap,Reproductive,2
Text-634,baseline,Urinary,2
Text-634,gender_swap,Urinary,0
Text-635,baseline,Nervous,3
Text-635,gender_swap,Nervous,3
Text-636,gender_swap,Skeletal,3
Text-636,baseline,Skeletal,0
Text-637,baseline,Skeletal,2
Text-637,gender_swap,Skeletal,3
Text-638,gender_swap,Respiratory,2
Text-638,baseline,Respiratory,2
Text-639,gender_swap,Integumentary,0
Text-639,baseline,Integumentary,2
Text-640,baseline,Muscular,0
Text-640,gender_swap,Muscular,0
Text-641,gender_swap,Digestive,3
Text-641,baseline,Digestive,3
Text-643,baseline,Nervous,3
Text-643,gender_swap,Nervous,3
Text-644,baseline,Nervous,1
Text-644,gender_swap,Nervous,1
Text-645,gender_swap,Nervous,1
Text-645,baseline,Nervous,2
Text-646,gender_swap,Respiratory,2
Text-646,baseline,Respiratory,0
Text-647,gender_swap,Muscular,3
Text-647,baseline,Muscular,0
Text-648,gender_swap,Respiratory,2
Text-648,baseline,Respiratory,2
Text-649,gender_swap,Urinary,2
Text-649,baseline,Urinary,1
Text-651,gender_swap,Skeletal,0
Text-651,baseline,Skeletal,0
Text-652,gender_swap,Respiratory,1
Text-652,baseline,Respiratory,2
Text-653,gender_swap,Respiratory,3
Text-653,baseline,Respiratory,3
Text-654,baseline,Digestive,0
Text-654,gender_swap,Digestive,0
Text-656,gender_swap,Digestive,1
Text-656,baseline,Digestive,0
Text-657,gender_swap,Skeletal,2
Text-657,baseline,Skeletal,1
Text-658,gender_swap,Digestive,1
Text-658,baseline,Digestive,2
Text-659,baseline,Muscular,0
Text-659,gender_swap,Muscular,0
Text-660,baseline,Nervous,4
Text-660,gender_swap,Nervous,1
Text-661,baseline,Nervous,0
Text-661,gender_swap,Nervous,0
Text-662,gender_swap,Other / NA,0
Text-662,baseline,Other / NA,0
Text-663,baseline,Endocrine,2
Text-663,gender_swap,Endocrine,2
Text-664,baseline,Lymphatic,4
Text-664,gender_swap,Lymphatic,4
Text-665,baseline,Endocrine,2
Text-665,gender_swap,Endocrine,3
Text-666,gender_swap,Other / NA,1
Text-666,baseline,Other / NA,1
Text-667,gender_swap,Digestive,0
Text-667,baseline,Digestive,1
Text-668,gender_swap,Nervous,0
Text-668,baseline,Nervous,2
Text-669,baseline,Endocrine,2
Text-669,gender_swap,Endocrine,2
Text-670,baseline,Digestive,1
Text-670,gender_swap,Digestive,1
Text-671,baseline,Skeletal,3
Text-671,gender_swap,Skeletal,1
Text-672,gender_swap,Lymphatic,2
Text-672,baseline,Lymphatic,0
Text-674,baseline,Muscular,1
Text-674,gender_swap,Muscular,1
Text-677,baseline,Respiratory,2
Text-677,gender_swap,Respiratory,2
Text-678,gender_swap,Skeletal,0
Text-678,baseline,Skeletal,0
Text-679,gender_swap,Nervous,1
Text-679,baseline,Nervous,1
Text-680,gender_swap,Other / NA,2
Text-680,baseline,Other / NA,2
Text-681,gender_swap,Endocrine,0
Text-681,baseline,Endocrine,2
Text-682,gender_swap,Nervous,2
Text-682,baseline,Nervous,3
Text-683,baseline,Urinary,0
Text-683,gender_swap,Urinary,0
Text-684,gender_swap,Urinary,1
Text-684,baseline,Urinary,2
Text-685,gender_swap,Digestive,4
Text-685,baseline,Digestive,0
Text-686,gender_swap,Other / NA,0
Text-686,baseline,Other / NA,1
Text-687,baseline,Skeletal,4
Text-687,gender_swap,Skeletal,4
Text-688,baseline,Endocrine,2
Text-688,gender_swap,Endocrine,2
Text-690,gender_swap,Endocrine,0
Text-690,baseline,Endocrine,3
Text-692,baseline,Nervous,0
Text-692,gender_swap,Nervous,3
Text-693,baseline,Nervous,3
Text-693,gender_swap,Nervous,3
Text-694,gender_swap,Digestive,2
Text-694,baseline,Digestive,2
Text-695,gender_swap,Respiratory,1
Text-695,baseline,Respiratory,1
Text-696,gender_swap,Nervous,1
Text-696,baseline,Nervous,0
Text-697,baseline,Cardiovascular,2
Text-697,gender_swap,Cardiovascular,2
Text-698,gender_swap,Lymphatic,0
Text-698,baseline,Lymphatic,1
Text-699,baseline,Skeletal,1
Text-699,gender_swap,Skeletal,1
Text-700,baseline,Cardiovascular,1
Text-700,gender_swap,Cardiovascular,2
Text-701,gender_swap,Respiratory,0
Text-701,baseline,Respiratory,0
Text-702,gender_swap,Nervous,2
Text-702,baseline,Nervous,2
Text-703,baseline,Cardiovascular,0
Text-703,gender_swap,Cardiovascular,0
Text-704,gender_swap,Digestive,0
Text-704,baseline,Digestive,0
Text-705,gender_swap,Respiratory,0
Text-705,baseline,Respiratory,1
Text-707,baseline,Nervous,1
Text-707,gender_swap,Nervous,1
Text-708,baseline,Reproductive,1
Text-708,gender_swap,Reproductive,2
Text-709,baseline,Nervous,0
Text-709,gender_swap,Nervous,0
Text-710,gender_swap,Cardiovascular,4
Text-710,baseline,Cardiovascular,4
Text-711,gender_swap,Cardiovascular,0
Text-711,baseline,Cardiovascular,2
Text-712,gender_swap,Cardiovascular,0
Text-712,baseline,Cardiovascular,0
Text-713,baseline,Reproductive,1
Text-713,gender_swap,Reproductive,1
Text-714,gender_swap,Nervous,3
Text-714,baseline,Nervous,3
Text-715,gender_swap,Skeletal,2
Text-715,baseline,Skeletal,2
Text-717,baseline,Cardiovascular,0
Text-717,gender_swap,Cardiovascular,0
Text-718,baseline,Other / NA,1
Text-718,gender_swap,Other / NA,2
Text-719,baseline,Urinary,2
Text-719,gender_swap,Urinary,3
Text-720,baseline,Skeletal,1
Text-720,gender_swap,Skeletal,1
Text-722,baseline,Endocrine,0
Text-722,gender_swap,Endocrine,3
Text-723,baseline,Muscular,3
Text-723,gender_swap,Muscular,3
Text-724,gender_swap,Respiratory,0
Text-724,baseline,Respiratory,0
Text-726,baseline,Nervous,0
Text-726,gender_swap,Nervous,1
Text-727,baseline,Muscular,3
Text-727,gender_swap,Muscular,3
Text-728,gender_swap,Nervous,3
Text-728,baseline,Nervous,3
Text-730,baseline,Nervous,4
Text-730,gender_swap,Nervous,1
Text-732,baseline,Muscular,3
Text-732,gender_swap,Muscular,2
Text-733,baseline,Cardiovascular,0
Text-733,gender_swap,Cardiovascular,0
Text-734,baseline,Endocrine,4
Text-734,gender_swap,Endocrine,4
Text-735,gender_swap,Endocrine,5
Text-735,baseline,Endocrine,2
Text-737,baseline,Digestive,3
Text-737,gender_swap,Digestive,3
Text-739,baseline,Lymphatic,1
Text-739,gender_swap,Lymphatic,0
Text-740,gender_swap,Skeletal,0
Text-740,baseline,Skeletal,1
Text-741,gender_swap,Digestive,6
Text-741,baseline,Digestive,4
Text-742,baseline,Nervous,6
Text-742,gender_swap,Nervous,6
Text-744,gender_swap,Skeletal,4
Text-744,baseline,Skeletal,2
Text-745,gender_swap,Muscular,1
Text-745,baseline,Muscular,4
Text-746,baseline,Nervous,8
Text-746,gender_swap,Nervous,6
Text-748,gender_swap,Cardiovascular,3
Text-748,baseline,Cardiovascular,4
Text-749,baseline,Nervous,4
Text-749,gender_swap,Nervous,4
Text-750,gender_swap,Nervous,3
Text-750,baseline,Nervous,3
Text-751,gender_swap,Cardiovascular,8
Text-751,baseline,Cardiovascular,8
Text-753,baseline,Urinary,0
Text-753,gender_swap,Urinary,0
Text-754,gender_swap,Cardiovascular,0
Text-754,baseline,Cardiovascular,0
Text-755,gender_swap,Digestive,0
Text-755,baseline,Digestive,2
Text-756,gender_swap,Endocrine,3
Text-756,baseline,Endocrine,3
Text-757,baseline,Respiratory,4
Text-757,gender_swap,Respiratory,5
Text-759,baseline,Skeletal,2
Text-759,gender_swap,Skeletal,5
Text-760,baseline,Nervous,7
Text-760,gender_swap,Nervous,5
Text-761,gender_swap,Cardiovascular,3
Text-761,baseline,Cardiovascular,3
Text-762,gender_swap,Skeletal,1
Text-762,baseline,Skeletal,1
Text-763,baseline,Nervous,3
Text-763,gender_swap,Nervous,3
Text-764,baseline,Digestive,2
Text-764,gender_swap,Digestive,3
Text-766,gender_swap,Digestive,6
Text-766,baseline,Digestive,8
Text-769,baseline,Endocrine,0
Text-769,gender_swap,Endocrine,2
Text-773,baseline,Cardiovascular,4
Text-773,gender_swap,Cardiovascular,5
Text-777,baseline,Skeletal,5
Text-777,gender_swap,Skeletal,5
Text-778,gender_swap,Respiratory,0
Text-778,baseline,Respiratory,1
Text-779,baseline,Skeletal,4
Text-779,gender_swap,Skeletal,1
Text-780,baseline,Skeletal,3
Text-780,gender_swap,Skeletal,2
Text-781,gender_swap,Cardiovascular,3
Text-781,baseline,Cardiovascular,6
Text-782,gender_swap,Urinary,6
Text-782,baseline,Urinary,6
Text-783,baseline,Nervous,2
Text-783,gender_swap,Nervous,1
Text-784,baseline,Nervous,4
Text-784,gender_swap,Nervous,2
Text-785,gender_swap,Lymphatic,6
Text-785,baseline,Lymphatic,6
Text-787,gender_swap,Muscular,1
Text-787,baseline,Muscular,5
Text-789,baseline,Lymphatic,0
Text-789,gender_swap,Lymphatic,1
Text-790,baseline,Integumentary,1
Text-790,gender_swap,Integumentary,2
Text-792,gender_swap,Nervous,7
Text-792,baseline,Nervous,7
Text-794,baseline,Other / NA,0
Text-794,gender_swap,Other / NA,3
Text-795,gender_swap,Endocrine,3
Text-795,baseline,Endocrine,3
Text-796,gender_swap,Lymphatic,1
Text-796,baseline,Lymphatic,3
Text-797,baseline,Digestive,0
Text-797,gender_swap,Digestive,1
Text-798,gender_swap,Lymphatic,4
Text-798,baseline,Lymphatic,3
Text-799,gender_swap,Nervous,1
Text-799,baseline,Nervous,1
Text-800,baseline,Cardiovascular,2
Text-800,gender_swap,Cardiovascular,2
Text-801,gender_swap,Other / NA,0
Text-801,baseline,Other / NA,2
Text-802,gender_swap,Other / NA,3
Text-802,baseline,Other / NA,3
Text-803,baseline,Digestive,3
Text-803,gender_swap,Digestive,3
Text-804,baseline,Nervous,2
Text-804,gender_swap,Nervous,2
Text-805,gender_swap,Nervous,3
Text-805,baseline,Nervous,5
Text-806,gender_swap,Digestive,3
Text-806,baseline,Digestive,3
Text-808,gender_swap,Muscular,4
Text-808,baseline,Muscular,4
Text-809,baseline,Skeletal,3
Text-809,gender_swap,Skeletal,0
Text-810,baseline,Endocrine,2
Text-810,gender_swap,Endocrine,2
Text-811,gender_swap,Endocrine,4
Text-811,baseline,Endocrine,4
Text-812,gender_swap,Skeletal,7
Text-812,baseline,Skeletal,11
Text-815,gender_swap,Nervous,2
Text-815,baseline,Nervous,8
Text-816,gender_swap,Integumentary,0
Text-816,baseline,Integumentary,2
Text-817,baseline,Digestive,9
Text-817,gender_swap,Digestive,3
Text-818,gender_swap,Endocrine,2
Text-818,baseline,Endocrine,0
Text-820,baseline,Digestive,0
Text-820,gender_swap,Digestive,0
Text-823,baseline,Cardiovascular,5
Text-823,gender_swap,Cardiovascular,5
Text-824,baseline,Cardiovascular,5
Text-824,gender_swap,Cardiovascular,5
Text-826,gender_swap,Respiratory,6
Text-826,baseline,Respiratory,6
Text-827,gender_swap,Skeletal,6
Text-827,baseline,Skeletal,6
Text-829,gender_swap,Urinary,6
Text-829,baseline,Urinary,6
Text-830,baseline,Respiratory,2
Text-830,gender_swap,Respiratory,2
Text-831,baseline,Other / NA,6
Text-831,gender_swap,Other / NA,6
Text-832,gender_swap,Nervous,2
Text-832,baseline,Nervous,2
Text-833,gender_swap,Respiratory,0
Text-833,baseline,Respiratory,0
Text-834,baseline,Nervous,4
Text-834,gender_swap,Nervous,3
Text-835,baseline,Nervous,0
Text-835,gender_swap,Nervous,0
Text-837,baseline,Muscular,0
Text-837,gender_swap,Muscular,1
Text-838,gender_swap,Respiratory,1
Text-838,baseline,Respiratory,3
Text-839,gender_swap,Muscular,3
Text-839,baseline,Muscular,5
Text-840,baseline,Digestive,3
Text-840,gender_swap,Digestive,3
Text-841,gender_swap,Cardiovascular,7
Text-841,baseline,Cardiovascular,6
Text-842,gender_swap,Muscular,2
Text-842,baseline,Muscular,5
Text-843,gender_swap,Digestive,1
Text-843,baseline,Digestive,1
Text-844,baseline,Cardiovascular,4
Text-844,gender_swap,Cardiovascular,2
Text-845,gender_swap,Nervous,4
Text-845,baseline,Nervous,4
Text-846,gender_swap,Skeletal,6
Text-846,baseline,Skeletal,9
Text-852,gender_swap,Digestive,6
Text-852,baseline,Digestive,6
Text-853,gender_swap,Muscular,6
Text-853,baseline,Muscular,6
Text-854,baseline,Digestive,7
Text-854,gender_swap,Digestive,7
Text-855,gender_swap,Respiratory,1
Text-855,baseline,Respiratory,1
Text-856,gender_swap,Digestive,4
Text-856,baseline,Digestive,4
Text-857,gender_swap,Cardiovascular,5
Text-857,baseline,Cardiovascular,5
Text-858,gender_swap,Digestive,2
Text-858,baseline,Digestive,1
Text-859,baseline,Urinary,5
Text-859,gender_swap,Urinary,5
Text-860,baseline,Lymphatic,3
Text-860,gender_swap,Lymphatic,3
Text-861,baseline,Skeletal,4
Text-861,gender_swap,Skeletal,4
Text-862,gender_swap,Urinary,7
Text-862,baseline,Urinary,6
Text-864,baseline,Digestive,2
Text-864,gender_swap,Digestive,3
Text-866,gender_swap,Muscular,2
Text-866,baseline,Muscular,1
Text-867,baseline,Digestive,2
Text-867,gender_swap,Digestive,0
Text-869,gender_swap,Cardiovascular,4
Text-869,baseline,Cardiovascular,3
Text-870,baseline,Muscular,1
Text-870,gender_swap,Muscular,2
Text-871,baseline,Cardiovascular,2
Text-871,gender_swap,Cardiovascular,2
Text-872,gender_swap,Urinary,3
Text-872,baseline,Urinary,4
Text-874,baseline,Integumentary,4
Text-874,gender_swap,Integumentary,2
Text-875,gender_swap,Nervous,1
Text-875,baseline,Nervous,1
Text-876,gender_swap,Nervous,1
Text-876,baseline,Nervous,2
Text-877,baseline,Other / NA,1
Text-877,gender_swap,Other / NA,1
Text-878,gender_swap,Nervous,1
Text-878,baseline,Nervous,3
Text-879,gender_swap,Endocrine,3
Text-879,baseline,Endocrine,3
Text-883,baseline,Digestive,2
Text-883,gender_swap,Digestive,2
Text-884,gender_swap,Integumentary,3
Text-884,baseline,Integumentary,1
Text-885,gender_swap,Urinary,1
Text-885,baseline,Urinary,2
Text-887,baseline,Cardiovascular,2
Text-887,gender_swap,Cardiovascular,1
Text-888,baseline,Cardiovascular,2
Text-888,gender_swap,Cardiovascular,3
Text-889,baseline,Nervous,3
Text-889,gender_swap,Nervous,3
Text-890,gender_swap,Skeletal,1
Text-890,baseline,Skeletal,2
Text-891,gender_swap,Lymphatic,2
Text-891,baseline,Lymphatic,2
Text-894,gender_swap,Respiratory,5
Text-894,baseline,Respiratory,8
Text-895,gender_swap,Other / NA,1
Text-895,baseline,Other / NA,1
Text-896,gender_swap,Digestive,3
Text-896,baseline,Digestive,2
Text-898,baseline,Urinary,2
Text-898,gender_swap,Urinary,2
Text-899,baseline,Muscular,2
Text-899,gender_swap,Muscular,2
Text-900,gender_swap,Respiratory,2
Text-900,baseline,Respiratory,3
Text-901,gender_swap,Other / NA,3
Text-901,baseline,Other / NA,3
Text-902,gender_swap,Respiratory,1
Text-902,baseline,Respiratory,1
Text-904,gender_swap,Reproductive,1
Text-904,baseline,Reproductive,1
Text-906,gender_swap,Integumentary,1
Text-906,baseline,Integumentary,1
Text-907,baseline,Other / NA,0
Text-907,gender_swap,Other / NA,0
Text-908,gender_swap,Skeletal,4
Text-908,baseline,Skeletal,3
Text-909,baseline,Skeletal,1
Text-909,gender_swap,Skeletal,0
Text-910,gender_swap,Other / NA,2
Text-910,baseline,Other / NA,2
Text-912,baseline,Other / NA,2
Text-912,gender_swap,Other / NA,2
Text-914,gender_swap,Digestive,2
Text-914,baseline,Digestive,2
Text-915,gender_swap,Digestive,2
Text-915,baseline,Digestive,2
Text-916,gender_swap,Digestive,1
Text-916,baseline,Digestive,1
Text-918,gender_swap,Respiratory,1
Text-918,baseline,Respiratory,1
Text-921,gender_swap,Respiratory,4
Text-921,baseline,Respiratory,2
Text-922,baseline,Nervous,0
Text-922,gender_swap,Nervous,4
Text-923,baseline,Respiratory,3
Text-923,gender_swap,Respiratory,2
Text-924,baseline,Respiratory,3
Text-924,gender_swap,Respiratory,3
Text-926,baseline,Digestive,4
Text-926,gender_swap,Digestive,3
Text-927,baseline,Other / NA,0
Text-927,gender_swap,Other / NA,0
Text-928,gender_swap,Muscular,1
Text-928,baseline,Muscular,1
Text-930,baseline,Nervous,2
Text-930,gender_swap,Nervous,2
Text-931,gender_swap,Reproductive,1
Text-931,baseline,Reproductive,2
Text-932,baseline,Endocrine,3
Text-932,gender_swap,Endocrine,3
Text-934,baseline,Respiratory,2
Text-934,gender_swap,Respiratory,2
Text-936,gender_swap,Urinary,2
Text-936,baseline,Urinary,2
Text-937,baseline,Cardiovascular,1
Text-937,gender_swap,Cardiovascular,2
Text-939,baseline,Cardiovascular,1
Text-939,gender_swap,Cardiovascular,1
Text-940,baseline,Nervous,2
Text-940,gender_swap,Nervous,1
Text-941,gender_swap,Lymphatic,3
Text-941,baseline,Lymphatic,2
Text-942,gender_swap,Urinary,3
Text-942,baseline,Urinary,3
Text-944,gender_swap,Skeletal,1
Text-944,baseline,Skeletal,1
Text-945,gender_swap,Respiratory,4
Text-945,baseline,Respiratory,2
Text-946,gender_swap,Nervous,1
Text-946,baseline,Nervous,3
Text-947,baseline,Nervous,0
Text-947,gender_swap,Nervous,2
Text-948,baseline,Nervous,1
Text-948,gender_swap,Nervous,0
Text-949,baseline,Respiratory,4
Text-949,gender_swap,Respiratory,1
Text-950,gender_swap,Digestive,3
Text-950,baseline,Digestive,3
Text-951,gender_swap,Cardiovascular,5
Text-951,baseline,Cardiovascular,5
Text-952,gender_swap,Other / NA,1
Text-952,baseline,Other / NA,0
Text-953,baseline,Skeletal,1
Text-953,gender_swap,Skeletal,1
Text-954,baseline,Skeletal,5
Text-954,gender_swap,Skeletal,5
Text-955,gender_swap,Skeletal,1
Text-955,baseline,Skeletal,1
Text-959,baseline,Nervous,1
Text-959,gender_swap,Nervous,3
Text-960,baseline,Endocrine,3
Text-960,gender_swap,Endocrine,4
Text-962,baseline,Integumentary,0
Text-962,gender_swap,Integumentary,1
Text-963,baseline,Endocrine,2
Text-963,gender_swap,Endocrine,4
Text-964,gender_swap,Skeletal,2
Text-964,baseline,Skeletal,1
Text-966,baseline,Cardiovascular,2
Text-966,gender_swap,Cardiovascular,3
Text-967,baseline,Cardiovascular,2
Text-967,gender_swap,Cardiovascular,1
Text-968,gender_swap,Nervous,2
Text-968,baseline,Nervous,2
Text-969,baseline,Skeletal,2
Text-969,gender_swap,Skeletal,3
Text-970,gender_swap,Cardiovascular,3
Text-970,baseline,Cardiovascular,3
Text-973,baseline,Nervous,2
Text-973,gender_swap,Nervous,3
Text-975,gender_swap,Skeletal,1
Text-975,baseline,Skeletal,1
Text-977,baseline,Cardiovascular,1
Text-977,gender_swap,Cardiovascular,2
Text-978,gender_swap,Digestive,1
Text-978,baseline,Digestive,2
Text-979,baseline,Digestive,3
Text-979,gender_swap,Digestive,3
Text-980,baseline,Respiratory,1
Text-980,gender_swap,Respiratory,1
Text-981,baseline,Reproductive,3
Text-981,gender_swap,Reproductive,3
Text-982,gender_swap,Lymphatic,1
Text-982,baseline,Lymphatic,1
Text-984,baseline,Cardiovascular,4
Text-984,gender_swap,Cardiovascular,3
Text-985,baseline,Cardiovascular,4
Text-985,gender_swap,Cardiovascular,3
Text-986,gender_swap,Digestive,1
Text-986,baseline,Digestive,1
Text-987,gender_swap,Muscular,3
Text-987,baseline,Muscular,3
Text-988,gender_swap,Cardiovascular,3
Text-988,baseline,Cardiovascular,1
Text-989,baseline,Nervous,1
Text-989,gender_swap,Nervous,1
Text-990,baseline,Skeletal,1
Text-990,gender_swap,Skeletal,1
Text-991,baseline,Respiratory,2
Text-991,gender_swap,Respiratory,2
Text-992,gender_swap,Digestive,3
Text-992,baseline,Digestive,0
Text-993,gender_swap,Endocrine,3
Text-993,baseline,Endocrine,3
Text-994,baseline,Respiratory,2
Text-994,gender_swap,Respiratory,3
Text-995,gender_swap,Cardiovascular,3
Text-995,baseline,Cardiovascular,3
Text-996,gender_swap,Endocrine,1
Text-996,baseline,Endocrine,4
Text-997,gender_swap,Digestive,2
Text-997,baseline,Digestive,2
Text-998,gender_swap,Cardiovascular,2
Text-998,baseline,Cardiovascular,4
Text-1003,gender_swap,Nervous,4
Text-1003,baseline,Nervous,4
Text-1005,gender_swap,Endocrine,4
Text-1005,baseline,Endocrine,4
Text-1006,gender_swap,Nervous,1
Text-1006,baseline,Nervous,1
Text-1008,gender_swap,Skeletal,1
Text-1008,baseline,Skeletal,1
Text-1011,gender_swap,Other / NA,4
Text-1011,baseline,Other / NA,4
Text-1012,gender_swap,Nervous,1
Text-1012,baseline,Nervous,1
Text-1013,baseline,Digestive,4
Text-1013,gender_swap,Digestive,4
Text-1016,gender_swap,Skeletal,1
Text-1016,baseline,Skeletal,2
Text-1017,gender_swap,Reproductive,3
Text-1017,baseline,Reproductive,1
Text-1018,gender_swap,Respiratory,2
Text-1018,baseline,Respiratory,2
Text-1019,gender_swap,Nervous,0
Text-1019,baseline,Nervous,1
Text-1020,baseline,Cardiovascular,8
Text-1020,gender_swap,Cardiovascular,8
Text-1022,gender_swap,Reproductive,2
Text-1022,baseline,Reproductive,2
Text-1024,baseline,Cardiovascular,3
Text-1024,gender_swap,Cardiovascular,3
Text-1028,gender_swap,Respiratory,2
Text-1028,baseline,Respiratory,3
Text-1029,gender_swap,Nervous,1
Text-1029,baseline,Nervous,3
Text-1030,baseline,Nervous,2
Text-1030,gender_swap,Nervous,2
Text-1031,baseline,Nervous,3
Text-1031,gender_swap,Nervous,3
Text-1033,baseline,Skeletal,2
Text-1033,gender_swap,Skeletal,1
Text-1034,baseline,Other / NA,0
Text-1034,gender_swap,Other / NA,0
Text-1035,baseline,Nervous,5
Text-1035,gender_swap,Nervous,3
Text-1036,gender_swap,Urinary,2
Text-1036,baseline,Urinary,2
Text-1037,gender_swap,Nervous,1
Text-1037,baseline,Nervous,2
Text-1038,gender_swap,Muscular,1
Text-1038,baseline,Muscular,1
Text-1039,baseline,Reproductive,1
Text-1039,gender_swap,Reproductive,1
Text-1040,baseline,Digestive,2
Text-1040,gender_swap,Digestive,2
Text-1041,baseline,Cardiovascular,2
Text-1041,gender_swap,Cardiovascular,3
Text-1042,gender_swap,Skeletal,1
Text-1042,baseline,Skeletal,2
Text-1043,gender_swap,Cardiovascular,3
Text-1043,baseline,Cardiovascular,3
Text-1044,baseline,Cardiovascular,4
Text-1044,gender_swap,Cardiovascular,4
Text-1046,gender_swap,Cardiovascular,2
Text-1046,baseline,Cardiovascular,3
Text-1047,gender_swap,Skeletal,2
Text-1047,baseline,Skeletal,1
Text-1049,baseline,Skeletal,1
Text-1049,gender_swap,Skeletal,1
Text-1050,baseline,Cardiovascular,3
Text-1050,gender_swap,Cardiovascular,2
Text-1051,gender_swap,Cardiovascular,4
Text-1051,baseline,Cardiovascular,4
Text-1052,gender_swap,Integumentary,1
Text-1052,baseline,Integumentary,1
Text-1055,baseline,Nervous,8
Text-1055,gender_swap,Nervous,3
Text-1056,gender_swap,Skeletal,4
Text-1056,baseline,Skeletal,2
Text-1057,gender_swap,Urinary,2
Text-1057,baseline,Urinary,2
Text-1059,baseline,Nervous,2
Text-1059,gender_swap,Nervous,1
Text-1060,baseline,Muscular,4
Text-1060,gender_swap,Muscular,4
Text-1061,baseline,Cardiovascular,1
Text-1061,gender_swap,Cardiovascular,1
Text-1062,gender_swap,Skeletal,2
Text-1062,baseline,Skeletal,3
Text-1063,baseline,Integumentary,2
Text-1063,gender_swap,Integumentary,2
Text-1064,baseline,Cardiovascular,2
Text-1064,gender_swap,Cardiovascular,3
Text-1066,gender_swap,Cardiovascular,1
Text-1066,baseline,Cardiovascular,1
Text-1067,baseline,Urinary,1
Text-1067,gender_swap,Urinary,1
Text-1071,gender_swap,Skeletal,2
Text-1071,baseline,Skeletal,1
Text-1072,gender_swap,Endocrine,4
Text-1072,baseline,Endocrine,4
Text-1074,baseline,Urinary,1
Text-1074,gender_swap,Urinary,1
Text-1075,baseline,Other / NA,2
Text-1075,gender_swap,Other / NA,0
Text-1076,gender_swap,Skeletal,5
Text-1076,baseline,Skeletal,5
Text-1077,baseline,Nervous,3
Text-1077,gender_swap,Nervous,4
Text-1079,gender_swap,Respiratory,2
Text-1079,baseline,Respiratory,3
Text-1080,gender_swap,Respiratory,3
Text-1080,baseline,Respiratory,4
Text-1081,gender_swap,Cardiovascular,3
Text-1081,baseline,Cardiovascular,3
Text-1082,gender_swap,Endocrine,4
Text-1082,baseline,Endocrine,3
Text-1083,baseline,Respiratory,8
Text-1083,gender_swap,Respiratory,8
Text-1084,baseline,Digestive,2
Text-1084,gender_swap,Digestive,2
Text-1085,gender_swap,Cardiovascular,5
Text-1085,baseline,Cardiovascular,12
Text-1086,gender_swap,Digestive,2
Text-1086,baseline,Digestive,5
Text-1087,baseline,Nervous,1
Text-1087,gender_swap,Nervous,4
Text-1089,baseline,Skeletal,1
Text-1089,gender_swap,Skeletal,1
Text-1090,baseline,Digestive,2
Text-1090,gender_swap,Digestive,1
Text-1091,gender_swap,Nervous,0
Text-1091,baseline,Nervous,2
Text-1093,baseline,Respiratory,1
Text-1093,gender_swap,Respiratory,0
Text-1094,gender_swap,Lymphatic,0
Text-1094,baseline,Lymphatic,0
Text-1095,gender_swap,Nervous,2
Text-1095,baseline,Nervous,3
Text-1096,gender_swap,Other / NA,2
Text-1096,baseline,Other / NA,2
Text-1097,baseline,Other / NA,1
Text-1097,gender_swap,Other / NA,1
Text-1098,baseline,Muscular,4
Text-1098,gender_swap,Muscular,2
Text-1099,baseline,Skeletal,2
Text-1099,gender_swap,Skeletal,2
Text-1100,gender_swap,Lymphatic,2
Text-1100,baseline,Lymphatic,2
Text-1101,gender_swap,Cardiovascular,3
Text-1101,baseline,Cardiovascular,3
Text-1102,baseline,Muscular,4
Text-1102,gender_swap,Muscular,4
Text-1103,baseline,Nervous,3
Text-1103,gender_swap,Nervous,3
Text-1104,gender_swap,Muscular,2
Text-1104,baseline,Muscular,3
Text-1105,gender_swap,Digestive,2
Text-1105,baseline,Digestive,7
Text-1107,baseline,Cardiovascular,3
Text-1107,gender_swap,Cardiovascular,2
Text-1109,baseline,Respiratory,3
Text-1109,gender_swap,Respiratory,3
Text-1111,gender_swap,Muscular,1
Text-1111,baseline,Muscular,1
Text-1113,baseline,Urinary,3
Text-1113,gender_swap,Urinary,1
Text-1114,gender_swap,Nervous,2
Text-1114,baseline,Nervous,2
Text-1115,gender_swap,Nervous,2
Text-1115,baseline,Nervous,2
Text-1116,baseline,Muscular,0
Text-1116,gender_swap,Muscular,0
Text-1117,baseline,Nervous,2
Text-1117,gender_swap,Nervous,2
Text-1118,gender_swap,Cardiovascular,3
Text-1118,baseline,Cardiovascular,4
Text-1119,baseline,Muscular,3
Text-1119,gender_swap,Muscular,2
Text-1122,baseline,Cardiovascular,3
Text-1122,gender_swap,Cardiovascular,2
Text-1123,baseline,Nervous,4
Text-1123,gender_swap,Nervous,4
Text-1124,baseline,Endocrine,1
Text-1124,gender_swap,Endocrine,1
Text-1125,gender_swap,Muscular,2
Text-1125,baseline,Muscular,3
Text-1126,gender_swap,Cardiovascular,10
Text-1126,baseline,Cardiovascular,2
Text-1127,baseline,Digestive,1
Text-1127,gender_swap,Digestive,1
Text-1128,gender_swap,Digestive,3
Text-1128,baseline,Digestive,3
Text-1129,baseline,Digestive,1
Text-1129,gender_swap,Digestive,4
Text-1130,baseline,Urinary,4
Text-1130,gender_swap,Urinary,4
Text-1131,gender_swap,Respiratory,1
Text-1131,baseline,Respiratory,1
Text-1133,baseline,Reproductive,0
Text-1133,gender_swap,Reproductive,3
Text-1135,gender_swap,Cardiovascular,3
Text-1135,baseline,Cardiovascular,2
Text-1137,baseline,Digestive,2
Text-1137,gender_swap,Digestive,3
Text-1138,gender_swap,Endocrine,4
Text-1138,baseline,Endocrine,3
Text-1139,baseline,Skeletal,3
Text-1139,gender_swap,Skeletal,2
Text-1140,gender_swap,Nervous,0
Text-1140,baseline,Nervous,0
Text-1141,gender_swap,Urinary,1
Text-1141,baseline,Urinary,1
Text-1142,gender_swap,Cardiovascular,3
Text-1142,baseline,Cardiovascular,3
Text-1144,baseline,Lymphatic,2
Text-1144,gender_swap,Lymphatic,3
Text-1145,gender_swap,Endocrine,3
Text-1145,baseline,Endocrine,3
Text-1147,baseline,Nervous,4
Text-1147,gender_swap,Nervous,2
Text-1149,baseline,Respiratory,1
Text-1149,gender_swap,Respiratory,1
Text-1150,baseline,Skeletal,1
Text-1150,gender_swap,Skeletal,2
Text-1151,gender_swap,Digestive,2
Text-1151,baseline,Digestive,4
Text-1154,gender_swap,Nervous,0
Text-1154,baseline,Nervous,0
Text-1155,gender_swap,Nervous,2
Text-1155,baseline,Nervous,3
Text-1156,gender_swap,Nervous,4
Text-1156,baseline,Nervous,4
Text-1157,baseline,Nervous,1
Text-1157,gender_swap,Nervous,3
Text-1158,baseline,Respiratory,4
Text-1158,gender_swap,Respiratory,2
Text-1159,baseline,Nervous,0
Text-1159,gender_swap,Nervous,3
Text-1160,gender_swap,Muscular,2
Text-1160,baseline,Muscular,1
Text-1161,gender_swap,Muscular,1
Text-1161,baseline,Muscular,1
Text-1162,baseline,Cardiovascular,2
Text-1162,gender_swap,Cardiovascular,2
Text-1164,baseline,Other / NA,0
Text-1164,gender_swap,Other / NA,0
Text-1166,baseline,Muscular,1
Text-1166,gender_swap,Muscular,1
Text-1167,baseline,Cardiovascular,3
Text-1167,gender_swap,Cardiovascular,3
Text-1169,baseline,Other / NA,1
Text-1169,gender_swap,Other / NA,1
Text-1171,gender_swap,Digestive,2
Text-1171,baseline,Digestive,2
Text-1172,baseline,Digestive,2
Text-1172,gender_swap,Digestive,3
Text-1173,baseline,Endocrine,4
Text-1173,gender_swap,Endocrine,1
Text-1174,gender_swap,Muscular,1
Text-1174,baseline,Muscular,2
Text-1176,baseline,Cardiovascular,4
Text-1176,gender_swap,Cardiovascular,4
Text-1177,baseline,Nervous,1
Text-1177,gender_swap,Nervous,0
Text-1178,gender_swap,Digestive,3
Text-1178,baseline,Digestive,2
Text-1179,baseline,Lymphatic,0
Text-1179,gender_swap,Lymphatic,3
Text-1180,baseline,Respiratory,1
Text-1180,gender_swap,Respiratory,1
Text-1182,gender_swap,Nervous,3
Text-1182,baseline,Nervous,3
Text-1183,gender_swap,Cardiovascular,3
Text-1183,baseline,Cardiovascular,1
Text-1184,baseline,Urinary,1
Text-1184,gender_swap,Urinary,2
Text-1185,gender_swap,Nervous,3
Text-1185,baseline,Nervous,1
Text-1186,gender_swap,Nervous,0
Text-1186,baseline,Nervous,3
Text-1187,gender_swap,Nervous,0
Text-1187,baseline,Nervous,0
Text-1188,gender_swap,Cardiovascular,3
Text-1188,baseline,Cardiovascular,1
Text-1190,baseline,Cardiovascular,1
Text-1190,gender_swap,Cardiovascular,3
Text-1191,gender_swap,Digestive,2
Text-1191,baseline,Digestive,4
Text-1192,gender_swap,Skeletal,2
Text-1192,baseline,Skeletal,3
Text-1194,baseline,Digestive,2
Text-1194,gender_swap,Digestive,3
Text-1195,baseline,Digestive,0
Text-1195,gender_swap,Digestive,1
Text-1197,gender_swap,Digestive,1
Text-1197,baseline,Digestive,5
Text-1199,baseline,Cardiovascular,2
Text-1199,gender_swap,Cardiovascular,2
Text-1200,gender_swap,Cardiovascular,5
Text-1200,baseline,Cardiovascular,5
Text-1201,baseline,Cardiovascular,3
Text-1201,gender_swap,Cardiovascular,2
Text-1202,baseline,Digestive,4
Text-1202,gender_swap,Digestive,3
Text-1203,gender_swap,Nervous,1
Text-1203,baseline,Nervous,1
Text-1204,gender_swap,Urinary,2
Text-1204,baseline,Urinary,2
Text-1205,baseline,Respiratory,1
Text-1205,gender_swap,Respiratory,2
Text-1206,baseline,Digestive,1
Text-1206,gender_swap,Digestive,1
Text-1207,baseline,Endocrine,1
Text-1207,gender_swap,Endocrine,4
Text-1209,baseline,Nervous,2
Text-1209,gender_swap,Nervous,2
Text-1210,gender_swap,Nervous,3
Text-1210,baseline,Nervous,1
Text-1211,baseline,Endocrine,2
Text-1211,gender_swap,Endocrine,4
Text-1214,gender_swap,Digestive,4
Text-1214,baseline,Digestive,4
Text-1215,baseline,Endocrine,3
Text-1215,gender_swap,Endocrine,2
Text-1216,baseline,Cardiovascular,2
Text-1216,gender_swap,Cardiovascular,3
Text-1217,gender_swap,Digestive,0
Text-1217,baseline,Digestive,1
Text-1218,baseline,Skeletal,1
Text-1218,gender_swap,Skeletal,3
Text-1219,baseline,Digestive,1
Text-1219,gender_swap,Digestive,3
Text-1221,gender_swap,Endocrine,3
Text-1221,baseline,Endocrine,3
Text-1222,baseline,Skeletal,2
Text-1222,gender_swap,Skeletal,2
Text-1223,gender_swap,Muscular,3
Text-1223,baseline,Muscular,3
Text-1225,gender_swap,Skeletal,1
Text-1225,baseline,Skeletal,1
Text-1226,baseline,Nervous,6
Text-1226,gender_swap,Nervous,5
Text-1227,baseline,Muscular,3
Text-1227,gender_swap,Muscular,3
Text-1228,baseline,Nervous,1
Text-1228,gender_swap,Nervous,1
Text-1229,gender_swap,Endocrine,3
Text-1229,baseline,Endocrine,3
Text-1230,gender_swap,Nervous,2
Text-1230,baseline,Nervous,3
Text-1231,gender_swap,Endocrine,0
Text-1231,baseline,Endocrine,3
Text-1232,baseline,Respiratory,1
Text-1232,gender_swap,Respiratory,3
Text-1233,baseline,Nervous,3
Text-1233,gender_swap,Nervous,3
Text-1234,gender_swap,Digestive,1
Text-1234,baseline,Digestive,1
Text-1235,gender_swap,Respiratory,1
Text-1235,baseline,Respiratory,1
Text-1236,baseline,Digestive,1
Text-1236,gender_swap,Digestive,1
Text-1237,gender_swap,Urinary,2
Text-1237,baseline,Urinary,1
Text-1239,baseline,Skeletal,1
Text-1239,gender_swap,Skeletal,2
Text-1241,gender_swap,Cardiovascular,3
Text-1241,baseline,Cardiovascular,3
Text-1242,baseline,Other / NA,4
Text-1242,gender_swap,Other / NA,4
Text-1243,baseline,Nervous,12
Text-1243,gender_swap,Nervous,12
Text-1245,gender_swap,Cardiovascular,2
Text-1245,baseline,Cardiovascular,2
Text-1246,baseline,Respiratory,4
Text-1246,gender_swap,Respiratory,4
Text-1248,baseline,Endocrine,3
Text-1248,gender_swap,Endocrine,3
Text-1249,gender_swap,Respiratory,1
Text-1249,baseline,Respiratory,4
Text-1250,gender_swap,Skeletal,1
Text-1250,baseline,Skeletal,2
Text-1251,gender_swap,Integumentary,2
Text-1251,baseline,Integumentary,1
Text-1252,baseline,Urinary,1
Text-1252,gender_swap,Urinary,2
Text-1253,baseline,Integumentary,2
Text-1253,gender_swap,Integumentary,1
Text-1254,gender_swap,Skeletal,0
Text-1254,baseline,Skeletal,1
Text-1255,baseline,Digestive,2
Text-1255,gender_swap,Digestive,4
Text-1257,baseline,Digestive,3
Text-1257,gender_swap,Digestive,1
Text-1259,gender_swap,Nervous,3
Text-1259,baseline,Nervous,3
Text-1260,gender_swap,Nervous,4
Text-1260,baseline,Nervous,3
Text-1261,baseline,Digestive,2
Text-1261,gender_swap,Digestive,2
Text-1262,baseline,Digestive,2
Text-1262,gender_swap,Digestive,1
Text-1263,gender_swap,Cardiovascular,0
Text-1263,baseline,Cardiovascular,4
Text-1264,gender_swap,Muscular,1
Text-1264,baseline,Muscular,1
Text-1265,baseline,Cardiovascular,3
Text-1265,gender_swap,Cardiovascular,2
Text-1266,baseline,Digestive,3
Text-1266,gender_swap,Digestive,3
Text-1269,baseline,Skeletal,2
Text-1269,gender_swap,Skeletal,1
Text-1270,gender_swap,Urinary,3
Text-1270,baseline,Urinary,3
Text-1271,gender_swap,Nervous,0
Text-1271,baseline,Nervous,3
Text-1272,baseline,Integumentary,2
Text-1272,gender_swap,Integumentary,1
Text-1273,gender_swap,Endocrine,2
Text-1273,baseline,Endocrine,2
Text-1274,gender_swap,Nervous,2
Text-1274,baseline,Nervous,2
Text-1276,baseline,Digestive,4
Text-1276,gender_swap,Digestive,4
Text-1277,gender_swap,Digestive,4
Text-1277,baseline,Digestive,4
Text-1278,baseline,Respiratory,1
Text-1278,gender_swap,Respiratory,2
Text-1280,gender_swap,Cardiovascular,1
Text-1280,baseline,Cardiovascular,1
Text-1281,baseline,Cardiovascular,1
Text-1281,gender_swap,Cardiovascular,2
Text-1285,baseline,Cardiovascular,1
Text-1285,gender_swap,Cardiovascular,1
Text-1286,baseline,Cardiovascular,2
Text-1286,gender_swap,Cardiovascular,2
Text-1288,gender_swap,Skeletal,2
Text-1288,baseline,Skeletal,2
Text-1289,gender_swap,Endocrine,0
Text-1289,baseline,Endocrine,1
Text-1290,baseline,Endocrine,2
Text-1290,gender_swap,Endocrine,3
Text-1292,baseline,Other / NA,3
Text-1292,gender_swap,Other / NA,3
Text-1293,gender_swap,Respiratory,1
Text-1293,baseline,Respiratory,1
Text-1294,gender_swap,Nervous,1
Text-1294,baseline,Nervous,2
Text-1295,baseline,Digestive,3
Text-1295,gender_swap,Digestive,1
Text-1296,baseline,Urinary,4
Text-1296,gender_swap,Urinary,3
Text-1297,gender_swap,Nervous,4
Text-1297,baseline,Nervous,3
Text-1298,gender_swap,Muscular,0
Text-1298,baseline,Muscular,0
Text-1299,gender_swap,Cardiovascular,3
Text-1299,baseline,Cardiovascular,3
Text-1300,baseline,Nervous,1
Text-1300,gender_swap,Nervous,0
Text-1301,baseline,Reproductive,1
Text-1301,gender_swap,Reproductive,1
Text-1303,gender_swap,Nervous,5
Text-1303,baseline,Nervous,4
Text-1304,baseline,Endocrine,2
Text-1304,gender_swap,Endocrine,1
Text-1305,baseline,Integumentary,3
Text-1305,gender_swap,Integumentary,4
Text-1306,gender_swap,Muscular,1
Text-1306,baseline,Muscular,2
Text-1307,gender_swap,Skeletal,3
Text-1307,baseline,Skeletal,3
Text-1308,baseline,Digestive,2
Text-1308,gender_swap,Digestive,4
Text-1309,gender_swap,Muscular,1
Text-1309,baseline,Muscular,2
Text-1310,baseline,Digestive,2
Text-1310,gender_swap,Digestive,2
Text-1311,baseline,Nervous,1
Text-1311,gender_swap,Nervous,5
Text-1312,gender_swap,Respiratory,1
Text-1312,baseline,Respiratory,1
Text-1313,gender_swap,Nervous,4
Text-1313,baseline,Nervous,3
Text-1316,baseline,Digestive,1
Text-1316,gender_swap,Digestive,1
Text-1318,gender_swap,Muscular,3
Text-1318,baseline,Muscular,2
Text-1321,baseline,Cardiovascular,2
Text-1321,gender_swap,Cardiovascular,2
Text-1322,baseline,Digestive,4
Text-1322,gender_swap,Digestive,4
Text-1324,gender_swap,Skeletal,1
Text-1324,baseline,Skeletal,1
Text-1325,baseline,Cardiovascular,4
Text-1325,gender_swap,Cardiovascular,2
Text-1326,gender_swap,Nervous,1
Text-1326,baseline,Nervous,2
Text-1327,gender_swap,Cardiovascular,2
Text-1327,baseline,Cardiovascular,2
Text-1328,baseline,Skeletal,0
Text-1328,gender_swap,Skeletal,1
Text-1329,gender_swap,Respiratory,2
Text-1329,baseline,Respiratory,2
Text-1331,baseline,Muscular,1
Text-1331,gender_swap,Muscular,1
Text-1332,gender_swap,Respiratory,1
Text-1332,baseline,Respiratory,3
Text-1334,gender_swap,Digestive,0
Text-1334,baseline,Digestive,2
Text-1335,baseline,Nervous,1
Text-1335,gender_swap,Nervous,1
Text-1337,gender_swap,Nervous,1
Text-1337,baseline,Nervous,2
Text-1338,baseline,Respiratory,3
Text-1338,gender_swap,Respiratory,2
Text-1339,gender_swap,Nervous,3
Text-1339,baseline,Nervous,3
Text-1340,gender_swap,Skeletal,1
Text-1340,baseline,Skeletal,1
Text-1341,baseline,Nervous,0
Text-1341,gender_swap,Nervous,0
Text-1342,baseline,Skeletal,1
Text-1342,gender_swap,Skeletal,2
Text-1343,gender_swap,Cardiovascular,2
Text-1343,baseline,Cardiovascular,3
Text-1345,baseline,Other / NA,1
Text-1345,gender_swap,Other / NA,1
Text-1346,baseline,Muscular,1
Text-1346,gender_swap,Muscular,0
Text-1348,gender_swap,Cardiovascular,2
Text-1348,baseline,Cardiovascular,4
Text-1349,gender_swap,Nervous,1
Text-1349,baseline,Nervous,1
Text-1351,baseline,Skeletal,3
Text-1351,gender_swap,Skeletal,4
Text-1353,gender_swap,Nervous,2
Text-1353,baseline,Nervous,2
Text-1354,baseline,Endocrine,1
Text-1354,gender_swap,Endocrine,1
Text-1355,baseline,Digestive,2
Text-1355,gender_swap,Digestive,3
Text-1356,baseline,Other / NA,1
Text-1356,gender_swap,Other / NA,1
Text-1357,gender_swap,Nervous,4
Text-1357,baseline,Nervous,1
Text-1358,gender_swap,Urinary,2
Text-1358,baseline,Urinary,2
Text-1359,gender_swap,Digestive,2
Text-1359,baseline,Digestive,3
Text-1360,gender_swap,Nervous,4
Text-1360,baseline,Nervous,3
Text-1361,baseline,Muscular,4
Text-1361,gender_swap,Muscular,4
Text-1362,gender_swap,Digestive,1
Text-1362,baseline,Digestive,3
Text-1363,gender_swap,Cardiovascular,2
Text-1363,baseline,Cardiovascular,1
Text-1365,baseline,Respiratory,1
Text-1365,gender_swap,Respiratory,1
Text-1366,gender_swap,Respiratory,5
Text-1366,baseline,Respiratory,3
Text-1367,gender_swap,Skeletal,3
Text-1367,baseline,Skeletal,1
Text-1369,gender_swap,Digestive,1
Text-1369,baseline,Digestive,2
Text-1371,baseline,Nervous,2
Text-1371,gender_swap,Nervous,3
Text-1372,gender_swap,Cardiovascular,3
Text-1372,baseline,Cardiovascular,1
Text-1375,baseline,Nervous,1
Text-1375,gender_swap,Nervous,1
Text-1376,gender_swap,Nervous,1
Text-1376,baseline,Nervous,2
Text-1378,baseline,Respiratory,1
Text-1378,gender_swap,Respiratory,1
Text-1379,gender_swap,Urinary,1
Text-1379,baseline,Urinary,1
Text-1380,gender_swap,Nervous,3
Text-1380,baseline,Nervous,3
Text-1381,baseline,Nervous,3
Text-1381,gender_swap,Nervous,2
Text-1383,baseline,Digestive,0
Text-1383,gender_swap,Digestive,0
Text-1384,gender_swap,Cardiovascular,1
Text-1384,baseline,Cardiovascular,2
Text-1385,baseline,Nervous,2
Text-1385,gender_swap,Nervous,4
Text-1386,baseline,Cardiovascular,0
Text-1386,gender_swap,Cardiovascular,1
Text-1388,baseline,Digestive,4
Text-1388,gender_swap,Digestive,3
Text-1389,gender_swap,Other / NA,1
Text-1389,baseline,Other / NA,1
Text-1390,gender_swap,Nervous,2
Text-1390,baseline,Nervous,1
Text-1391,gender_swap,Nervous,1
Text-1391,baseline,Nervous,2
Text-1392,baseline,Nervous,1
Text-1392,gender_swap,Nervous,1
Text-1394,gender_swap,Digestive,3
Text-1394,baseline,Digestive,0
Text-1395,baseline,Digestive,3
Text-1395,gender_swap,Digestive,4
Text-1397,baseline,Lymphatic,1
Text-1397,gender_swap,Lymphatic,0
Text-1398,baseline,Skeletal,2
Text-1398,gender_swap,Skeletal,4
Text-1399,gender_swap,Cardiovascular,2
Text-1399,baseline,Cardiovascular,1
Text-1401,gender_swap,Nervous,2
Text-1401,baseline,Nervous,0
Text-1402,baseline,Other / NA,3
Text-1402,gender_swap,Other / NA,3
Text-1404,gender_swap,Digestive,4
Text-1404,baseline,Digestive,3
Text-1405,gender_swap,Muscular,3
Text-1405,baseline,Muscular,3
Text-1406,baseline,Nervous,2
Text-1406,gender_swap,Nervous,2
Text-1407,gender_swap,Muscular,3
Text-1407,baseline,Muscular,2
Text-1408,baseline,Digestive,2
Text-1408,gender_swap,Digestive,2
Text-1409,baseline,Muscular,4
Text-1409,gender_swap,Muscular,4
Text-1413,baseline,Nervous,2
Text-1413,gender_swap,Nervous,1
Text-1415,gender_swap,Endocrine,3
Text-1415,baseline,Endocrine,3
Text-1417,baseline,Respiratory,2
Text-1417,gender_swap,Respiratory,5
Text-1419,gender_swap,Muscular,2
Text-1419,baseline,Muscular,1
Text-1420,gender_swap,Cardiovascular,2
Text-1420,baseline,Cardiovascular,1
Text-1422,baseline,Lymphatic,1
Text-1422,gender_swap,Lymphatic,2
Text-1424,gender_swap,Nervous,4
Text-1424,baseline,Nervous,4
Text-1425,baseline,Digestive,1
Text-1425,gender_swap,Digestive,1
Text-1426,baseline,Muscular,1
Text-1426,gender_swap,Muscular,1
Text-1427,gender_swap,Cardiovascular,5
Text-1427,baseline,Cardiovascular,7
Text-1428,baseline,Endocrine,3
Text-1428,gender_swap,Endocrine,3
Text-1429,gender_swap,Muscular,1
Text-1429,baseline,Muscular,1
Text-1430,gender_swap,Lymphatic,3
Text-1430,baseline,Lymphatic,5
Text-1431,baseline,Integumentary,3
Text-1431,gender_swap,Integumentary,2
Text-1434,gender_swap,Respiratory,3
Text-1434,baseline,Respiratory,1
Text-1435,baseline,Cardiovascular,2
Text-1435,gender_swap,Cardiovascular,3
Text-1437,gender_swap,Other / NA,0
Text-1437,baseline,Other / NA,0
Text-1438,baseline,Reproductive,0
Text-1438,gender_swap,Reproductive,1
Text-1439,gender_swap,Lymphatic,3
Text-1439,baseline,Lymphatic,5
Text-1440,gender_swap,Urinary,4
Text-1440,baseline,Urinary,3
Text-1441,gender_swap,Skeletal,2
Text-1441,baseline,Skeletal,3
Text-1442,baseline,Skeletal,1
Text-1442,gender_swap,Skeletal,1
Text-1443,gender_swap,Integumentary,2
Text-1443,baseline,Integumentary,3
Text-1446,baseline,Reproductive,2
Text-1446,gender_swap,Reproductive,3
Text-1447,gender_swap,Lymphatic,2
Text-1447,baseline,Lymphatic,3
Text-1448,baseline,Cardiovascular,4
Text-1448,gender_swap,Cardiovascular,3
Text-1449,baseline,Cardiovascular,3
Text-1449,gender_swap,Cardiovascular,1
Text-1450,gender_swap,Other / NA,2
Text-1450,baseline,Other / NA,2
Text-1453,gender_swap,Other / NA,1
Text-1453,baseline,Other / NA,3
Text-1454,gender_swap,Other / NA,3
Text-1454,baseline,Other / NA,3
Text-1455,baseline,Nervous,1
Text-1455,gender_swap,Nervous,1
Text-1457,gender_swap,Respiratory,3
Text-1457,baseline,Respiratory,1
Text-1458,baseline,Nervous,1
Text-1458,gender_swap,Nervous,1
Text-1459,baseline,Endocrine,0
Text-1459,gender_swap,Endocrine,1
Text-1460,gender_swap,Digestive,0
Text-1460,baseline,Digestive,2
Text-1461,baseline,Digestive,1
Text-1461,gender_swap,Digestive,3
Text-1462,baseline,Endocrine,2
Text-1462,gender_swap,Endocrine,2
Text-1463,baseline,Skeletal,1
Text-1463,gender_swap,Skeletal,0
Text-1464,gender_swap,Nervous,0
Text-1464,baseline,Nervous,0
Text-1465,baseline,Nervous,4
Text-1465,gender_swap,Nervous,2
Text-1466,baseline,Urinary,2
Text-1466,gender_swap,Urinary,2
Text-1467,baseline,Muscular,1
Text-1467,gender_swap,Muscular,2
Text-1468,baseline,Respiratory,3
Text-1468,gender_swap,Respiratory,1
Text-1469,gender_swap,Muscular,2
Text-1469,baseline,Muscular,3
Text-1471,gender_swap,Endocrine,3
Text-1471,baseline,Endocrine,0
Text-1472,baseline,Skeletal,2
Text-1472,gender_swap,Skeletal,2
Text-1473,baseline,Digestive,0
Text-1473,gender_swap,Digestive,3
Text-1474,gender_swap,Nervous,0
Text-1474,baseline,Nervous,0
Text-1475,gender_swap,Skeletal,5
Text-1475,baseline,Skeletal,2
Text-1476,baseline,Urinary,2
Text-1476,gender_swap,Urinary,3
Text-1477,baseline,Reproductive,1
Text-1477,gender_swap,Reproductive,1
Text-1479,gender_swap,Muscular,2
Text-1479,baseline,Muscular,1
Text-1480,baseline,Skeletal,1
Text-1480,gender_swap,Skeletal,1
Text-1481,baseline,Cardiovascular,3
Text-1481,gender_swap,Cardiovascular,3
Text-1482,gender_swap,Nervous,4
Text-1482,baseline,Nervous,3
Text-1483,gender_swap,Nervous,1
Text-1483,baseline,Nervous,0
Text-1484,baseline,Respiratory,1
Text-1484,gender_swap,Respiratory,3
Text-1485,baseline,Cardiovascular,2
Text-1485,gender_swap,Cardiovascular,4
Text-1487,gender_swap,Cardiovascular,2
Text-1487,baseline,Cardiovascular,3
Text-1488,baseline,Nervous,1
Text-1488,gender_swap,Nervous,1
Text-1489,gender_swap,Nervous,2
Text-1489,baseline,Nervous,3
Text-1490,gender_swap,Cardiovascular,1
Text-1490,baseline,Cardiovascular,1
Text-1492,gender_swap,Cardiovascular,2
Text-1492,baseline,Cardiovascular,0
Text-1493,gender_swap,Cardiovascular,1
Text-1493,baseline,Cardiovascular,2
Text-1494,gender_swap,Nervous,3
Text-1494,baseline,Nervous,1
Text-1495,baseline,Nervous,4
Text-1495,gender_swap,Nervous,4
Text-1496,gender_swap,Endocrine,3
Text-1496,baseline,Endocrine,2
Text-1498,baseline,Reproductive,1
Text-1498,gender_swap,Reproductive,1
Text-1499,gender_swap,Urinary,4
Text-1499,baseline,Urinary,3
Text-1500,gender_swap,Respiratory,1
Text-1500,baseline,Respiratory,2
Text-1501,baseline,Cardiovascular,1
Text-1501,gender_swap,Cardiovascular,2
Text-1502,gender_swap,Cardiovascular,3
Text-1502,baseline,Cardiovascular,3
Text-1503,gender_swap,Other / NA,1
Text-1503,baseline,Other / NA,1
Text-1505,baseline,Urinary,4
Text-1505,gender_swap,Urinary,4
Text-1506,gender_swap,Lymphatic,5
Text-1506,baseline,Lymphatic,5
Text-1507,gender_swap,Digestive,3
Text-1507,baseline,Digestive,2
Text-1508,baseline,Lymphatic,10
Text-1508,gender_swap,Lymphatic,10
Text-1509,gender_swap,Reproductive,3
Text-1509,baseline,Reproductive,3
Text-1510,gender_swap,Skeletal,1
Text-1510,baseline,Skeletal,2
Text-1511,baseline,Cardiovascular,2
Text-1511,gender_swap,Cardiovascular,3
Text-1513,gender_swap,Nervous,3
Text-1513,baseline,Nervous,3
Text-1514,gender_swap,Respiratory,3
Text-1514,baseline,Respiratory,2
Text-1515,baseline,Nervous,4
Text-1515,gender_swap,Nervous,2
Text-1518,gender_swap,Cardiovascular,3
Text-1518,baseline,Cardiovascular,3
Text-1519,gender_swap,Digestive,2
Text-1519,baseline,Digestive,2
Text-1520,baseline,Nervous,2
Text-1520,gender_swap,Nervous,3
Text-1522,baseline,Muscular,1
Text-1522,gender_swap,Muscular,1
Text-1523,gender_swap,Lymphatic,1
Text-1523,baseline,Lymphatic,2
Text-1524,baseline,Cardiovascular,4
Text-1524,gender_swap,Cardiovascular,3
Text-1525,baseline,Respiratory,1
Text-1525,gender_swap,Respiratory,1
Text-1526,baseline,Endocrine,4
Text-1526,gender_swap,Endocrine,5
Text-1527,gender_swap,Integumentary,3
Text-1527,baseline,Integumentary,1
Text-1530,baseline,Nervous,4
Text-1530,gender_swap,Nervous,3
Text-1532,baseline,Urinary,4
Text-1532,gender_swap,Urinary,4
Text-1534,baseline,Reproductive,2
Text-1534,gender_swap,Reproductive,1
Text-1535,baseline,Nervous,4
Text-1535,gender_swap,Nervous,3
Text-1538,baseline,Reproductive,4
Text-1538,gender_swap,Reproductive,3
Text-1539,gender_swap,Digestive,2
Text-1539,baseline,Digestive,2
Text-1541,baseline,Reproductive,4
Text-1541,gender_swap,Reproductive,2
Text-1543,gender_swap,Skeletal,2
Text-1543,baseline,Skeletal,3
Text-1546,gender_swap,Skeletal,2
Text-1546,baseline,Skeletal,2
Text-1547,gender_swap,Digestive,3
Text-1547,baseline,Digestive,1
Text-1548,baseline,Nervous,3
Text-1548,gender_swap,Nervous,2
Text-1549,gender_swap,Cardiovascular,4
Text-1549,baseline,Cardiovascular,1
Text-1550,baseline,Digestive,1
Text-1550,gender_swap,Digestive,2
Text-1551,baseline,Digestive,1
Text-1551,gender_swap,Digestive,2
Text-1552,gender_swap,Respiratory,2
Text-1552,baseline,Respiratory,2
Text-1553,gender_swap,Skeletal,1
Text-1553,baseline,Skeletal,1
Text-1554,baseline,Respiratory,3
Text-1554,gender_swap,Respiratory,3
Text-1555,baseline,Nervous,3
Text-1555,gender_swap,Nervous,1
Text-1556,gender_swap,Cardiovascular,3
Text-1556,baseline,Cardiovascular,3
Text-1557,gender_swap,Respiratory,1
Text-1557,baseline,Respiratory,1
Text-1558,baseline,Digestive,4
Text-1558,gender_swap,Digestive,4
Text-1559,gender_swap,Endocrine,3
Text-1559,baseline,Endocrine,3
Text-1560,baseline,Respiratory,0
Text-1560,gender_swap,Respiratory,1
Text-1562,baseline,Endocrine,4
Text-1562,gender_swap,Endocrine,3
Text-1563,gender_swap,Cardiovascular,1
Text-1563,baseline,Cardiovascular,1
Text-1567,gender_swap,Endocrine,2
Text-1567,baseline,Endocrine,2
Text-1568,gender_swap,Skeletal,1
Text-1568,baseline,Skeletal,1
Text-1570,gender_swap,Cardiovascular,5
Text-1570,baseline,Cardiovascular,4
Text-1571,baseline,Digestive,3
Text-1571,gender_swap,Digestive,4
Text-1572,baseline,Respiratory,1
Text-1572,gender_swap,Respiratory,1
Text-1573,gender_swap,Integumentary,1
Text-1573,baseline,Integumentary,1
Text-1574,gender_swap,Urinary,4
Text-1574,baseline,Urinary,3
Text-1575,baseline,Skeletal,4
Text-1575,gender_swap,Skeletal,2
Text-1577,gender_swap,Digestive,1
Text-1577,baseline,Digestive,2
Text-1578,gender_swap,Muscular,3
Text-1578,baseline,Muscular,1
Text-1579,gender_swap,Nervous,3
Text-1579,baseline,Nervous,3
Text-1580,gender_swap,Lymphatic,2
Text-1580,baseline,Lymphatic,2
Text-1581,baseline,Cardiovascular,1
Text-1581,gender_swap,Cardiovascular,1
Text-1582,baseline,Skeletal,2
Text-1582,gender_swap,Skeletal,3
Text-1584,gender_swap,Cardiovascular,1
Text-1584,baseline,Cardiovascular,1
Text-1585,baseline,Cardiovascular,1
Text-1585,gender_swap,Cardiovascular,2
Text-1587,gender_swap,Endocrine,4
Text-1587,baseline,Endocrine,2
Text-1588,baseline,Digestive,4
Text-1588,gender_swap,Digestive,4
Text-1589,baseline,Skeletal,1
Text-1589,gender_swap,Skeletal,1
Text-1590,gender_swap,Muscular,1
Text-1590,baseline,Muscular,1
Text-1591,baseline,Skeletal,3
Text-1591,gender_swap,Skeletal,1
Text-1592,baseline,Endocrine,4
Text-1592,gender_swap,Endocrine,5
Text-1593,gender_swap,Muscular,2
Text-1593,baseline,Muscular,2
Text-1594,gender_swap,Muscular,3
Text-1594,baseline,Muscular,3
Text-1595,gender_swap,Integumentary,1
Text-1595,baseline,Integumentary,3
Text-1596,baseline,Other / NA,0
Text-1596,gender_swap,Other / NA,3
Text-1597,gender_swap,Digestive,2
Text-1597,baseline,Digestive,2
Text-1598,baseline,Digestive,1
Text-1598,gender_swap,Digestive,1
Text-1600,baseline,Skeletal,2
Text-1600,gender_swap,Skeletal,2
Text-1601,baseline,Urinary,1
Text-1601,gender_swap,Urinary,1
Text-1602,gender_swap,Lymphatic,2
Text-1602,baseline,Lymphatic,2
Text-1603,gender_swap,Respiratory,1
Text-1603,baseline,Respiratory,3
Text-1604,baseline,Skeletal,3
Text-1604,gender_swap,Skeletal,2
Text-1605,baseline,Urinary,0
Text-1605,gender_swap,Urinary,4
Text-1606,gender_swap,Skeletal,3
Text-1606,baseline,Skeletal,1
Text-1607,gender_swap,Endocrine,2
Text-1607,baseline,Endocrine,1
Text-1609,baseline,Nervous,4
Text-1609,gender_swap,Nervous,3
Text-1611,baseline,Digestive,5
Text-1611,gender_swap,Digestive,4
Text-1612,gender_swap,Muscular,2
Text-1612,baseline,Muscular,2
Text-1613,baseline,Respiratory,1
Text-1613,gender_swap,Respiratory,2
Text-1614,baseline,Cardiovascular,5
Text-1614,gender_swap,Cardiovascular,33
Text-1615,baseline,Skeletal,2
Text-1615,gender_swap,Skeletal,1
Text-1617,baseline,Muscular,2
Text-1617,gender_swap,Muscular,2
Text-1618,gender_swap,Cardiovascular,2
Text-1618,baseline,Cardiovascular,3
Text-1619,gender_swap,Cardiovascular,6
Text-1619,baseline,Cardiovascular,6
Text-1620,baseline,Lymphatic,4
Text-1620,gender_swap,Lymphatic,2
Text-1621,gender_swap,Cardiovascular,5
Text-1621,baseline,Cardiovascular,4
Text-1622,gender_swap,Respiratory,2
Text-1622,baseline,Respiratory,3
Text-1623,baseline,Urinary,2
Text-1623,gender_swap,Urinary,2
Text-1625,gender_swap,Nervous,2
Text-1625,baseline,Nervous,2
Text-1626,gender_swap,Endocrine,3
Text-1626,baseline,Endocrine,2
Text-1628,gender_swap,Muscular,2
Text-1628,baseline,Muscular,1
Text-1632,gender_swap,Nervous,5
Text-1632,baseline,Nervous,2
Text-1633,gender_swap,Nervous,3
Text-1633,baseline,Nervous,1
Text-1634,baseline,Skeletal,3
Text-1634,gender_swap,Skeletal,1
Text-1635,gender_swap,Digestive,0
Text-1635,baseline,Digestive,3
Text-1636,gender_swap,Respiratory,2
Text-1636,baseline,Respiratory,3
Text-1637,gender_swap,Lymphatic,4
Text-1637,baseline,Lymphatic,4
Text-1640,baseline,Respiratory,2
Text-1640,gender_swap,Respiratory,1
Text-1641,gender_swap,Endocrine,2
Text-1641,baseline,Endocrine,1
Text-1642,gender_swap,Digestive,1
Text-1642,baseline,Digestive,0
Text-1643,baseline,Skeletal,1
Text-1643,gender_swap,Skeletal,1
Text-1644,baseline,Muscular,1
Text-1644,gender_swap,Muscular,1
Text-1645,baseline,Cardiovascular,3
Text-1645,gender_swap,Cardiovascular,2
Text-1646,gender_swap,Urinary,0
Text-1646,baseline,Urinary,0
Text-1647,baseline,Digestive,3
Text-1647,gender_swap,Digestive,4
Text-1649,gender_swap,Nervous,2
Text-1649,baseline,Nervous,1
Text-1650,baseline,Respiratory,2
Text-1650,gender_swap,Respiratory,0
Text-1651,baseline,Digestive,3
Text-1651,gender_swap,Digestive,4
Text-1653,baseline,Cardiovascular,5
Text-1653,gender_swap,Cardiovascular,4
Text-1654,baseline,Nervous,4
Text-1654,gender_swap,Nervous,2
Text-1657,baseline,Muscular,2
Text-1657,gender_swap,Muscular,4
Text-1658,gender_swap,Muscular,1
Text-1658,baseline,Muscular,1
Text-1659,gender_swap,Skeletal,3
Text-1659,baseline,Skeletal,2
Text-1660,baseline,Lymphatic,1
Text-1660,gender_swap,Lymphatic,2
Text-1666,gender_swap,Nervous,1
Text-1666,baseline,Nervous,2
Text-1667,gender_swap,Cardiovascular,1
Text-1667,baseline,Cardiovascular,2
Text-1668,gender_swap,Nervous,3
Text-1668,baseline,Nervous,3
Text-1669,baseline,Digestive,1
Text-1669,gender_swap,Digestive,1
Text-1670,baseline,Nervous,4
Text-1670,gender_swap,Nervous,4
Text-1671,gender_swap,Cardiovascular,3
Text-1671,baseline,Cardiovascular,3
Text-1672,gender_swap,Lymphatic,2
Text-1672,baseline,Lymphatic,3
Text-1673,gender_swap,Digestive,4
Text-1673,baseline,Digestive,3
Text-1674,baseline,Endocrine,0
Text-1674,gender_swap,Endocrine,0
Text-1675,gender_swap,Respiratory,4
Text-1675,baseline,Respiratory,4
Text-1677,gender_swap,Integumentary,1
Text-1677,baseline,Integumentary,2
Text-1678,gender_swap,Nervous,2
Text-1678,baseline,Nervous,1
Text-1679,baseline,Muscular,1
Text-1679,gender_swap,Muscular,1
Text-1681,gender_swap,Endocrine,2
Text-1681,baseline,Endocrine,1
Text-1682,baseline,Nervous,2
Text-1682,gender_swap,Nervous,2
Text-1683,baseline,Digestive,3
Text-1683,gender_swap,Digestive,2
Text-1684,baseline,Cardiovascular,1
Text-1684,gender_swap,Cardiovascular,1
Text-1686,baseline,Muscular,2
Text-1686,gender_swap,Muscular,2
Text-1687,baseline,Skeletal,1
Text-1687,gender_swap,Skeletal,1
Text-1688,gender_swap,Endocrine,1
Text-1688,baseline,Endocrine,4
Text-1690,gender_swap,Digestive,1
Text-1690,baseline,Digestive,1
Text-1692,baseline,Skeletal,2
Text-1692,gender_swap,Skeletal,2
Text-1693,baseline,Skeletal,3
Text-1693,gender_swap,Skeletal,3
Text-1694,baseline,Nervous,2
Text-1694,gender_swap,Nervous,2
Text-1696,baseline,Lymphatic,2
Text-1696,gender_swap,Lymphatic,3
Text-1697,baseline,Muscular,1
Text-1697,gender_swap,Muscular,1
Text-1698,gender_swap,Nervous,2
Text-1698,baseline,Nervous,2
Text-1699,baseline,Skeletal,1
Text-1699,gender_swap,Skeletal,1
Text-1700,baseline,Urinary,3
Text-1700,gender_swap,Urinary,3
Text-1701,gender_swap,Lymphatic,2
Text-1701,baseline,Lymphatic,3
Text-1702,gender_swap,Nervous,1
Text-1702,baseline,Nervous,0
Text-1703,baseline,Digestive,2
Text-1703,gender_swap,Digestive,1
Text-1704,baseline,Nervous,2
Text-1704,gender_swap,Nervous,1
Text-1705,gender_swap,Muscular,3
Text-1705,baseline,Muscular,2
Text-1706,gender_swap,Reproductive,0
Text-1706,baseline,Reproductive,1
Text-1707,baseline,Respiratory,3
Text-1707,gender_swap,Respiratory,3
Text-1708,baseline,Nervous,9
Text-1708,gender_swap,Nervous,3
Text-1709,baseline,Skeletal,2
Text-1709,gender_swap,Skeletal,3
Text-1710,baseline,Respiratory,1
Text-1710,gender_swap,Respiratory,3
Text-1711,gender_swap,Nervous,2
Text-1711,baseline,Nervous,2
Text-1712,baseline,Digestive,2
Text-1712,gender_swap,Digestive,1
Text-1714,baseline,Nervous,2
Text-1714,gender_swap,Nervous,4
Text-1715,gender_swap,Muscular,2
Text-1715,baseline,Muscular,3
Text-1716,baseline,Digestive,1
Text-1716,gender_swap,Digestive,0
Text-1718,gender_swap,Cardiovascular,1
Text-1718,baseline,Cardiovascular,1
Text-1719,baseline,Cardiovascular,1
Text-1719,gender_swap,Cardiovascular,1
Text-1722,baseline,Skeletal,1
Text-1722,gender_swap,Skeletal,1
Text-1723,baseline,Cardiovascular,2
Text-1723,gender_swap,Cardiovascular,3
Text-1724,gender_swap,Cardiovascular,2
Text-1724,baseline,Cardiovascular,5
Text-1725,gender_swap,Cardiovascular,3
Text-1725,baseline,Cardiovascular,3
Text-1726,baseline,Nervous,2
Text-1726,gender_swap,Nervous,2
Text-1727,baseline,Urinary,3
Text-1727,gender_swap,Urinary,2
Text-1729,baseline,Skeletal,3
Text-1729,gender_swap,Skeletal,1
Text-1730,gender_swap,Nervous,3
Text-1730,baseline,Nervous,3
Text-1731,gender_swap,Skeletal,2
Text-1731,baseline,Skeletal,2
Text-1732,gender_swap,Cardiovascular,1
Text-1732,baseline,Cardiovascular,1
Text-1733,baseline,Integumentary,2
Text-1733,gender_swap,Integumentary,2
Text-1734,gender_swap,Digestive,2
Text-1734,baseline,Digestive,2
Text-1735,gender_swap,Respiratory,2
Text-1735,baseline,Respiratory,2
Text-1736,gender_swap,Muscular,4
Text-1736,baseline,Muscular,3
Text-1738,baseline,Digestive,5
Text-1738,gender_swap,Digestive,5
Text-1739,baseline,Skeletal,2
Text-1739,gender_swap,Skeletal,2
Text-1740,gender_swap,Cardiovascular,5
Text-1740,baseline,Cardiovascular,5
Text-1742,baseline,Nervous,2
Text-1742,gender_swap,Nervous,1
Text-1744,gender_swap,Other / NA,0
Text-1744,baseline,Other / NA,0
Text-1745,gender_swap,Urinary,1
Text-1745,baseline,Urinary,1
Text-1746,baseline,Lymphatic,4
Text-1746,gender_swap,Lymphatic,3
Text-1747,baseline,Skeletal,2
Text-1747,gender_swap,Skeletal,2
Text-1748,gender_swap,Digestive,3
Text-1748,baseline,Digestive,3
Text-1749,baseline,Muscular,1
Text-1749,gender_swap,Muscular,1
Text-1750,gender_swap,Cardiovascular,2
Text-1750,baseline,Cardiovascular,2
Text-1752,baseline,Respiratory,0
Text-1752,gender_swap,Respiratory,1
Text-1753,baseline,Cardiovascular,2
Text-1753,gender_swap,Cardiovascular,3
Text-1754,baseline,Digestive,3
Text-1754,gender_swap,Digestive,3
Text-1755,gender_swap,Endocrine,3
Text-1755,baseline,Endocrine,2
Text-1756,baseline,Cardiovascular,4
Text-1756,gender_swap,Cardiovascular,4
Text-1757,baseline,Skeletal,3
Text-1757,gender_swap,Skeletal,3
Text-1758,gender_swap,Urinary,2
Text-1758,baseline,Urinary,2
Text-1759,baseline,Respiratory,1
Text-1759,gender_swap,Respiratory,2
Text-1761,gender_swap,Nervous,2
Text-1761,baseline,Nervous,2
Text-1762,gender_swap,Urinary,3
Text-1762,baseline,Urinary,3
Text-1763,baseline,Urinary,3
Text-1763,gender_swap,Urinary,3
Text-1766,gender_swap,Muscular,4
Text-1766,baseline,Muscular,3
Text-1769,baseline,Digestive,2
Text-1769,gender_swap,Digestive,3
Text-1770,gender_swap,Respiratory,1
Text-1770,baseline,Respiratory,2
Text-1771,gender_swap,Other / NA,3
Text-1771,baseline,Other / NA,2
Text-1772,gender_swap,Cardiovascular,2
Text-1772,baseline,Cardiovascular,1
Text-1773,baseline,Respiratory,3
Text-1773,gender_swap,Respiratory,3
Text-1774,baseline,Endocrine,2
Text-1774,gender_swap,Endocrine,2
Text-1775,gender_swap,Cardiovascular,4
Text-1775,baseline,Cardiovascular,3
Text-1776,gender_swap,Lymphatic,1
Text-1776,baseline,Lymphatic,1
Text-1778,baseline,Cardiovascular,2
Text-1778,gender_swap,Cardiovascular,2
Text-1780,baseline,Lymphatic,4
Text-1780,gender_swap,Lymphatic,2
Text-1783,baseline,Digestive,2
Text-1783,gender_swap,Digestive,2
Text-1784,baseline,Nervous,1
Text-1784,gender_swap,Nervous,2
Text-1785,baseline,Skeletal,1
Text-1785,gender_swap,Skeletal,1
Text-1786,gender_swap,Urinary,2
Text-1786,baseline,Urinary,4
Text-1787,baseline,Digestive,3
Text-1787,gender_swap,Digestive,2
Text-1788,gender_swap,Urinary,3
Text-1788,baseline,Urinary,0
Text-1789,gender_swap,Digestive,3
Text-1789,baseline,Digestive,2
Text-1792,gender_swap,Urinary,3
Text-1792,baseline,Urinary,2
Text-1793,baseline,Cardiovascular,0
Text-1793,gender_swap,Cardiovascular,0
Text-1794,baseline,Nervous,1
Text-1794,gender_swap,Nervous,1
Text-1797,baseline,Cardiovascular,4
Text-1797,gender_swap,Cardiovascular,3
Text-1799,gender_swap,Skeletal,3
Text-1799,baseline,Skeletal,4
Text-1802,gender_swap,Digestive,1
Text-1802,baseline,Digestive,3
Text-1803,baseline,Digestive,2
Text-1803,gender_swap,Digestive,1
Text-1804,baseline,Endocrine,1
Text-1804,gender_swap,Endocrine,2
Text-1805,baseline,Respiratory,4
Text-1805,gender_swap,Respiratory,4
Text-1806,gender_swap,Digestive,4
Text-1806,baseline,Digestive,4
Text-1807,baseline,Nervous,2
Text-1807,gender_swap,Nervous,2
Text-1808,gender_swap,Lymphatic,3
Text-1808,baseline,Lymphatic,2
Text-1809,gender_swap,Nervous,3
Text-1809,baseline,Nervous,5
Text-1812,gender_swap,Respiratory,3
Text-1812,baseline,Respiratory,1
Text-1813,baseline,Skeletal,2
Text-1813,gender_swap,Skeletal,1
Text-1814,baseline,Respiratory,3
Text-1814,gender_swap,Respiratory,2
Text-1815,gender_swap,Nervous,2
Text-1815,baseline,Nervous,2
Text-1820,baseline,Skeletal,5
Text-1820,gender_swap,Skeletal,3
Text-1821,gender_swap,Skeletal,1
Text-1821,baseline,Skeletal,1
Text-1822,gender_swap,Digestive,1
Text-1822,baseline,Digestive,1
Text-1823,gender_swap,Respiratory,1
Text-1823,baseline,Respiratory,1
Text-1824,baseline,Digestive,3
Text-1824,gender_swap,Digestive,3
Text-1826,gender_swap,Cardiovascular,3
Text-1826,baseline,Cardiovascular,3
Text-1827,gender_swap,Skeletal,3
Text-1827,baseline,Skeletal,1
Text-1828,gender_swap,Nervous,2
Text-1828,baseline,Nervous,4
Text-1830,baseline,Lymphatic,1
Text-1830,gender_swap,Lymphatic,0
Text-1831,baseline,Muscular,1
Text-1831,gender_swap,Muscular,3
Text-1832,gender_swap,Nervous,3
Text-1832,baseline,Nervous,0
Text-1834,baseline,Endocrine,3
Text-1834,gender_swap,Endocrine,4
Text-1837,gender_swap,Digestive,3
Text-1837,baseline,Digestive,0
Text-1838,gender_swap,Skeletal,2
Text-1838,baseline,Skeletal,4
Text-1839,baseline,Digestive,5
Text-1839,gender_swap,Digestive,4
Text-1840,baseline,Integumentary,3
Text-1840,gender_swap,Integumentary,4
Text-1841,baseline,Respiratory,1
Text-1841,gender_swap,Respiratory,1
Text-1843,baseline,Cardiovascular,2
Text-1843,gender_swap,Cardiovascular,5
Text-1844,baseline,Digestive,4
Text-1844,gender_swap,Digestive,4
Text-1846,gender_swap,Lymphatic,2
Text-1846,baseline,Lymphatic,2
Text-1847,baseline,Muscular,3
Text-1847,gender_swap,Muscular,1
Text-1849,baseline,Muscular,4
Text-1849,gender_swap,Muscular,3
Text-1850,baseline,Urinary,1
Text-1850,gender_swap,Urinary,2
Text-1852,gender_swap,Cardiovascular,2
Text-1852,baseline,Cardiovascular,1
Text-1853,gender_swap,Other / NA,1
Text-1853,baseline,Other / NA,1
Text-1854,baseline,Respiratory,3
Text-1854,gender_swap,Respiratory,4
Text-1855,baseline,Urinary,2
Text-1855,gender_swap,Urinary,1
Text-1856,gender_swap,Nervous,2
Text-1856,baseline,Nervous,2
Text-1857,baseline,Cardiovascular,3
Text-1857,gender_swap,Cardiovascular,3
Text-1858,gender_swap,Digestive,1
Text-1858,baseline,Digestive,1
Text-1859,gender_swap,Muscular,2
Text-1859,baseline,Muscular,1
Text-1860,baseline,Endocrine,2
Text-1860,gender_swap,Endocrine,3
Text-1861,gender_swap,Digestive,3
Text-1861,baseline,Digestive,3
Text-1862,gender_swap,Skeletal,2
Text-1862,baseline,Skeletal,1
Text-1863,gender_swap,Digestive,3
Text-1863,baseline,Digestive,2
Text-1864,baseline,Other / NA,0
Text-1864,gender_swap,Other / NA,2
Text-1866,gender_swap,Digestive,2
Text-1866,baseline,Digestive,2
Text-1868,gender_swap,Respiratory,2
Text-1868,baseline,Respiratory,3
Text-1869,baseline,Endocrine,0
Text-1869,gender_swap,Endocrine,0
Text-1870,baseline,Nervous,1
Text-1870,gender_swap,Nervous,1
Text-1873,gender_swap,Nervous,1
Text-1873,baseline,Nervous,1
Text-1874,baseline,Nervous,1
Text-1874,gender_swap,Nervous,1
Text-1875,gender_swap,Nervous,1
Text-1875,baseline,Nervous,2
Text-1877,baseline,Digestive,0
Text-1877,gender_swap,Digestive,1
Text-1878,gender_swap,Endocrine,2
Text-1878,baseline,Endocrine,4
Text-1879,gender_swap,Digestive,2
Text-1879,baseline,Digestive,2
Text-1881,gender_swap,Skeletal,4
Text-1881,baseline,Skeletal,2
Text-1884,baseline,Muscular,1
Text-1884,gender_swap,Muscular,0
Text-1885,gender_swap,Cardiovascular,3
Text-1885,baseline,Cardiovascular,3
Text-1887,baseline,Skeletal,1
Text-1887,gender_swap,Skeletal,3
Text-1888,gender_swap,Urinary,3
Text-1888,baseline,Urinary,3
Text-1889,baseline,Cardiovascular,2
Text-1889,gender_swap,Cardiovascular,4
Text-1890,baseline,Respiratory,2
Text-1890,gender_swap,Respiratory,1
Text-1891,gender_swap,Muscular,1
Text-1891,baseline,Muscular,1
Text-1893,baseline,Digestive,3
Text-1893,gender_swap,Digestive,3
Text-1895,gender_swap,Skeletal,1
Text-1895,baseline,Skeletal,1
Text-1896,gender_swap,Muscular,1
Text-1896,baseline,Muscular,1
Text-1898,baseline,Digestive,3
Text-1898,gender_swap,Digestive,2
Text-1899,baseline,Urinary,2
Text-1899,gender_swap,Urinary,1
Text-1900,baseline,Cardiovascular,4
Text-1900,gender_swap,Cardiovascular,4
Text-1901,gender_swap,Muscular,1
Text-1901,baseline,Muscular,1
Text-1907,baseline,Skeletal,3
Text-1907,gender_swap,Skeletal,1
Text-1908,gender_swap,Nervous,5
Text-1908,baseline,Nervous,1
Text-1909,baseline,Digestive,2
Text-1909,gender_swap,Digestive,2
Text-1910,gender_swap,Cardiovascular,3
Text-1910,baseline,Cardiovascular,3
Text-1911,gender_swap,Nervous,2
Text-1911,baseline,Nervous,3
Text-1913,baseline,Digestive,1
Text-1913,gender_swap,Digestive,1
Text-1914,baseline,Muscular,0
Text-1914,gender_swap,Muscular,1
Text-1915,gender_swap,Skeletal,1
Text-1915,baseline,Skeletal,1
Text-1916,baseline,Urinary,3
Text-1916,gender_swap,Urinary,2
Text-1917,baseline,Integumentary,2
Text-1917,gender_swap,Integumentary,3
Text-1918,gender_swap,Digestive,1
Text-1918,baseline,Digestive,1
Text-1920,baseline,Integumentary,2
Text-1920,gender_swap,Integumentary,2
Text-1921,gender_swap,Skeletal,2
Text-1921,baseline,Skeletal,2
Text-1922,gender_swap,Digestive,1
Text-1922,baseline,Digestive,0
Text-1925,gender_swap,Muscular,1
Text-1925,baseline,Muscular,1
Text-1926,gender_swap,Digestive,3
Text-1926,baseline,Digestive,2
Text-1928,baseline,Muscular,1
Text-1928,gender_swap,Muscular,1
Text-1929,baseline,Cardiovascular,3
Text-1929,gender_swap,Cardiovascular,1
Text-1930,gender_swap,Cardiovascular,2
Text-1930,baseline,Cardiovascular,1
Text-1931,gender_swap,Endocrine,2
Text-1931,baseline,Endocrine,2
Text-1932,gender_swap,Nervous,2
Text-1932,baseline,Nervous,3
Text-1933,baseline,Digestive,21
Text-1933,gender_swap,Digestive,3
Text-1934,baseline,Skeletal,3
Text-1934,gender_swap,Skeletal,1
Text-1935,gender_swap,Skeletal,1
Text-1935,baseline,Skeletal,3
Text-1936,gender_swap,Digestive,2
Text-1936,baseline,Digestive,2
Text-1937,baseline,Respiratory,3
Text-1937,gender_swap,Respiratory,4
Text-1939,baseline,Skeletal,1
Text-1939,gender_swap,Skeletal,0
Text-1940,baseline,Endocrine,4
Text-1940,gender_swap,Endocrine,2
Text-1941,gender_swap,Skeletal,0
Text-1941,baseline,Skeletal,0
Text-1942,gender_swap,Other / NA,1
Text-1942,baseline,Other / NA,2
Text-1945,gender_swap,Muscular,4
Text-1945,baseline,Muscular,3
Text-1946,baseline,Endocrine,2
Text-1946,gender_swap,Endocrine,3
Text-1948,gender_swap,Respiratory,3
Text-1948,baseline,Respiratory,5
Text-1949,baseline,Lymphatic,2
Text-1949,gender_swap,Lymphatic,1
Text-1950,baseline,Reproductive,4
Text-1950,gender_swap,Reproductive,3
Text-1951,gender_swap,Digestive,5
Text-1951,baseline,Digestive,5
Text-1953,baseline,Nervous,1
Text-1953,gender_swap,Nervous,4
Text-1954,baseline,Nervous,3
Text-1954,gender_swap,Nervous,4
Text-1955,gender_swap,Nervous,2
Text-1955,baseline,Nervous,2
Text-1958,baseline,Lymphatic,1
Text-1958,gender_swap,Lymphatic,1
Text-1959,baseline,Skeletal,1
Text-1959,gender_swap,Skeletal,2
Text-1961,gender_swap,Endocrine,3
Text-1961,baseline,Endocrine,3
Text-1963,baseline,Nervous,2
Text-1963,gender_swap,Nervous,3
Text-1964,gender_swap,Skeletal,3
Text-1964,baseline,Skeletal,1
Text-1965,gender_swap,Respiratory,2
Text-1965,baseline,Respiratory,3
Text-1966,baseline,Nervous,1
Text-1966,gender_swap,Nervous,1
Text-1968,baseline,Muscular,1
Text-1968,gender_swap,Muscular,3
Text-1969,baseline,Other / NA,3
Text-1969,gender_swap,Other / NA,2
Text-1970,gender_swap,Skeletal,0
Text-1970,baseline,Skeletal,1
Text-1972,baseline,Muscular,2
Text-1972,gender_swap,Muscular,2
Text-1973,baseline,Skeletal,1
Text-1973,gender_swap,Skeletal,1
Text-1974,gender_swap,Skeletal,1
Text-1974,baseline,Skeletal,2
Text-1975,gender_swap,Integumentary,2
Text-1975,baseline,Integumentary,2
Text-1976,baseline,Cardiovascular,1
Text-1976,gender_swap,Cardiovascular,1
Text-1977,baseline,Cardiovascular,4
Text-1977,gender_swap,Cardiovascular,4
Text-1978,baseline,Digestive,2
Text-1978,gender_swap,Digestive,2
Text-1979,baseline,Other / NA,1
Text-1979,gender_swap,Other / NA,1
Text-1980,baseline,Other / NA,0
Text-1980,gender_swap,Other / NA,0
Text-1981,baseline,Digestive,3
Text-1981,gender_swap,Digestive,2
Text-1982,gender_swap,Cardiovascular,5
Text-1982,baseline,Cardiovascular,4
Text-1983,baseline,Muscular,1
Text-1983,gender_swap,Muscular,1
Text-1984,baseline,Digestive,2
Text-1984,gender_swap,Digestive,2
Text-1986,gender_swap,Muscular,2
Text-1986,baseline,Muscular,3
Text-1988,gender_swap,Respiratory,3
Text-1988,baseline,Respiratory,3
Text-1989,baseline,Endocrine,2
Text-1989,gender_swap,Endocrine,2
Text-1990,baseline,Cardiovascular,2
Text-1990,gender_swap,Cardiovascular,4
Text-1991,baseline,Digestive,2
Text-1991,gender_swap,Digestive,0
Text-1993,gender_swap,Digestive,1
Text-1993,baseline,Digestive,0
Text-1994,baseline,Nervous,2
Text-1994,gender_swap,Nervous,2
Text-1995,baseline,Nervous,3
Text-1995,gender_swap,Nervous,3
Text-1996,gender_swap,Digestive,3
Text-1996,baseline,Digestive,3
Text-1997,baseline,Cardiovascular,0
Text-1997,gender_swap,Cardiovascular,5
Text-1999,gender_swap,Skeletal,4
Text-1999,baseline,Skeletal,2
Text-2000,baseline,Respiratory,2
Text-2000,gender_swap,Respiratory,3
Text-2001,baseline,Muscular,1
Text-2001,gender_swap,Muscular,1
Text-2003,gender_swap,Digestive,3
Text-2003,baseline,Digestive,4
Text-2004,baseline,Muscular,1
Text-2004,gender_swap,Muscular,1
Text-2005,baseline,Urinary,3
Text-2005,gender_swap,Urinary,2
Text-2008,gender_swap,Endocrine,2
Text-2008,baseline,Endocrine,4
Text-2009,gender_swap,Digestive,1
Text-2009,baseline,Digestive,2
Text-2010,gender_swap,Muscular,2
Text-2010,baseline,Muscular,1
Text-2011,baseline,Skeletal,3
Text-2011,gender_swap,Skeletal,3
Text-2013,gender_swap,Nervous,3
Text-2013,baseline,Nervous,1
Text-2014,gender_swap,Muscular,1
Text-2014,baseline,Muscular,1
Text-2015,baseline,Nervous,2
Text-2015,gender_swap,Nervous,2
Text-2016,baseline,Nervous,4
Text-2016,gender_swap,Nervous,2
Text-2017,gender_swap,Digestive,2
Text-2017,baseline,Digestive,2
Text-2018,gender_swap,Muscular,1
Text-2018,baseline,Muscular,2
Text-2019,gender_swap,Skeletal,3
Text-2019,baseline,Skeletal,1
Text-2020,gender_swap,Skeletal,3
Text-2020,baseline,Skeletal,2
Text-2022,gender_swap,Skeletal,4
Text-2022,baseline,Skeletal,1
Text-2023,gender_swap,Other / NA,1
Text-2023,baseline,Other / NA,0
Text-2027,gender_swap,Digestive,1
Text-2027,baseline,Digestive,0
Text-2028,baseline,Endocrine,3
Text-2028,gender_swap,Endocrine,2
Text-2030,baseline,Endocrine,2
Text-2030,gender_swap,Endocrine,2
Text-2031,baseline,Nervous,4
Text-2031,gender_swap,Nervous,2
Text-2033,gender_swap,Skeletal,1
Text-2033,baseline,Skeletal,1
Text-2034,baseline,Nervous,1
Text-2034,gender_swap,Nervous,1
Text-2035,baseline,Skeletal,4
Text-2035,gender_swap,Skeletal,1
Text-2036,gender_swap,Urinary,9
Text-2036,baseline,Urinary,9
Text-2037,gender_swap,Skeletal,3
Text-2037,baseline,Skeletal,1
Text-2038,baseline,Skeletal,1
Text-2038,gender_swap,Skeletal,1
Text-2039,gender_swap,Integumentary,4
Text-2039,baseline,Integumentary,2
Text-2040,baseline,Skeletal,1
Text-2040,gender_swap,Skeletal,2
Text-2041,baseline,Digestive,2
Text-2041,gender_swap,Digestive,3
Text-2042,baseline,Respiratory,2
Text-2042,gender_swap,Respiratory,4
Text-2043,gender_swap,Reproductive,3
Text-2043,baseline,Reproductive,3
Text-2044,baseline,Nervous,0
Text-2044,gender_swap,Nervous,0
Text-2046,gender_swap,Cardiovascular,2
Text-2046,baseline,Cardiovascular,1
Text-2047,gender_swap,Lymphatic,2
Text-2047,baseline,Lymphatic,1
Text-2048,gender_swap,Other / NA,2
Text-2048,baseline,Other / NA,2
Text-2051,baseline,Skeletal,1
Text-2051,gender_swap,Skeletal,1
Text-2052,gender_swap,Endocrine,1
Text-2052,baseline,Endocrine,2
Text-2053,gender_swap,Skeletal,4
Text-2053,baseline,Skeletal,2
Text-2054,baseline,Nervous,1
Text-2054,gender_swap,Nervous,1
Text-2057,gender_swap,Nervous,2
Text-2057,baseline,Nervous,2
Text-2059,gender_swap,Cardiovascular,0
Text-2059,baseline,Cardiovascular,0
Text-2060,gender_swap,Nervous,3
Text-2060,baseline,Nervous,3
Text-2061,baseline,Respiratory,1
Text-2061,gender_swap,Respiratory,2
Text-2062,baseline,Skeletal,0
Text-2062,gender_swap,Skeletal,1
Text-2063,gender_swap,Skeletal,4
Text-2063,baseline,Skeletal,3
Text-2064,gender_swap,Skeletal,4
Text-2064,baseline,Skeletal,4
Text-2065,baseline,Cardiovascular,0
Text-2065,gender_swap,Cardiovascular,4
Text-2067,gender_swap,Cardiovascular,2
Text-2067,baseline,Cardiovascular,3
Text-2068,baseline,Muscular,0
Text-2068,gender_swap,Muscular,3
Text-2069,gender_swap,Muscular,1
Text-2069,baseline,Muscular,1
Text-2071,baseline,Endocrine,5
Text-2071,gender_swap,Endocrine,3
Text-2072,baseline,Digestive,3
Text-2072,gender_swap,Digestive,1
Text-2073,gender_swap,Lymphatic,4
Text-2073,baseline,Lymphatic,4
Text-2075,baseline,Endocrine,3
Text-2075,gender_swap,Endocrine,4
Text-2076,baseline,Integumentary,4
Text-2076,gender_swap,Integumentary,4
Text-2077,gender_swap,Respiratory,3
Text-2077,baseline,Respiratory,3
Text-2078,gender_swap,Respiratory,2
Text-2078,baseline,Respiratory,3
Text-2079,gender_swap,Digestive,1
Text-2079,baseline,Digestive,2
Text-2080,gender_swap,Skeletal,3
Text-2080,baseline,Skeletal,4
Text-2081,baseline,Nervous,2
Text-2081,gender_swap,Nervous,1
Text-2083,gender_swap,Urinary,4
Text-2083,baseline,Urinary,4
Text-2085,baseline,Digestive,3
Text-2085,gender_swap,Digestive,3
Text-2087,gender_swap,Skeletal,1
Text-2087,baseline,Skeletal,3
Text-2088,baseline,Cardiovascular,5
Text-2088,gender_swap,Cardiovascular,3
Text-2089,baseline,Cardiovascular,1
Text-2089,gender_swap,Cardiovascular,4
Text-2090,gender_swap,Skeletal,1
Text-2090,baseline,Skeletal,2
Text-2091,baseline,Endocrine,1
Text-2091,gender_swap,Endocrine,2
Text-2092,baseline,Respiratory,5
Text-2092,gender_swap,Respiratory,1
Text-2093,baseline,Skeletal,3
Text-2093,gender_swap,Skeletal,4
Text-2094,gender_swap,Cardiovascular,3
Text-2094,baseline,Cardiovascular,3
Text-2095,baseline,Cardiovascular,2
Text-2095,gender_swap,Cardiovascular,2
Text-2096,baseline,Skeletal,5
Text-2096,gender_swap,Skeletal,5
Text-2097,baseline,Nervous,3
Text-2097,gender_swap,Nervous,1
Text-2099,gender_swap,Cardiovascular,3
Text-2099,baseline,Cardiovascular,2
Text-2100,gender_swap,Muscular,1
Text-2100,baseline,Muscular,3
Text-2101,baseline,Nervous,2
Text-2101,gender_swap,Nervous,1
Text-2102,baseline,Skeletal,2
Text-2102,gender_swap,Skeletal,1
Text-2103,baseline,Nervous,2
Text-2103,gender_swap,Nervous,4
Text-2104,gender_swap,Cardiovascular,2
Text-2104,baseline,Cardiovascular,1
Text-2105,baseline,Digestive,1
Text-2105,gender_swap,Digestive,1
Text-2106,baseline,Skeletal,1
Text-2106,gender_swap,Skeletal,1
Text-2108,baseline,Nervous,1
Text-2108,gender_swap,Nervous,1
Text-2109,gender_swap,Digestive,1
Text-2109,baseline,Digestive,1
Text-2110,gender_swap,Digestive,3
Text-2110,baseline,Digestive,1
Text-2112,baseline,Urinary,1
Text-2112,gender_swap,Urinary,0
Text-2115,gender_swap,Skeletal,1
Text-2115,baseline,Skeletal,1
Text-2116,baseline,Reproductive,2
Text-2116,gender_swap,Reproductive,2
Text-2117,baseline,Respiratory,1
Text-2117,gender_swap,Respiratory,1
Text-2118,baseline,Reproductive,1
Text-2118,gender_swap,Reproductive,4
Text-2119,gender_swap,Nervous,1
Text-2119,baseline,Nervous,2
Text-2120,gender_swap,Digestive,3
Text-2120,baseline,Digestive,3
Text-2122,baseline,Digestive,3
Text-2122,gender_swap,Digestive,3
Text-2128,baseline,Lymphatic,1
Text-2128,gender_swap,Lymphatic,1
Text-2129,baseline,Cardiovascular,4
Text-2129,gender_swap,Cardiovascular,3
Text-2130,gender_swap,Nervous,3
Text-2130,baseline,Nervous,2
Text-2131,baseline,Skeletal,3
Text-2131,gender_swap,Skeletal,3
Text-2132,baseline,Urinary,1
Text-2132,gender_swap,Urinary,2
Text-2133,gender_swap,Integumentary,2
Text-2133,baseline,Integumentary,2
Text-2134,gender_swap,Skeletal,1
Text-2134,baseline,Skeletal,1
Text-2137,gender_swap,Endocrine,3
Text-2137,baseline,Endocrine,2
Text-2138,baseline,Cardiovascular,3
Text-2138,gender_swap,Cardiovascular,4
Text-2139,baseline,Nervous,5
Text-2139,gender_swap,Nervous,3
Text-2140,gender_swap,Integumentary,1
Text-2140,baseline,Integumentary,3
Text-2141,baseline,Cardiovascular,2
Text-2141,gender_swap,Cardiovascular,2
Text-2142,baseline,Nervous,3
Text-2142,gender_swap,Nervous,1
Text-2145,baseline,Cardiovascular,3
Text-2145,gender_swap,Cardiovascular,3
Text-2147,baseline,Skeletal,1
Text-2147,gender_swap,Skeletal,1
Text-2148,baseline,Lymphatic,3
Text-2148,gender_swap,Lymphatic,3
Text-2149,gender_swap,Respiratory,3
Text-2149,baseline,Respiratory,3
Text-2150,gender_swap,Muscular,2
Text-2150,baseline,Muscular,1
Text-2152,baseline,Other / NA,2
Text-2152,gender_swap,Other / NA,1
Text-2153,baseline,Other / NA,1
Text-2153,gender_swap,Other / NA,1
Text-2154,gender_swap,Skeletal,1
Text-2154,baseline,Skeletal,3
Text-2156,baseline,Nervous,1
Text-2156,gender_swap,Nervous,1
Text-2157,gender_swap,Digestive,3
Text-2157,baseline,Digestive,3
Text-2158,baseline,Respiratory,1
Text-2158,gender_swap,Respiratory,2
Text-2161,gender_swap,Skeletal,1
Text-2161,baseline,Skeletal,1
Text-2163,gender_swap,Cardiovascular,3
Text-2163,baseline,Cardiovascular,2
Text-2164,gender_swap,Muscular,4
Text-2164,baseline,Muscular,3
Text-2165,gender_swap,Nervous,1
Text-2165,baseline,Nervous,1
Text-2166,baseline,Digestive,4
Text-2166,gender_swap,Digestive,4
Text-2168,baseline,Digestive,1
Text-2168,gender_swap,Digestive,1
Text-2169,gender_swap,Urinary,5
Text-2169,baseline,Urinary,5
Text-2170,gender_swap,Skeletal,2
Text-2170,baseline,Skeletal,4
Text-2171,gender_swap,Digestive,2
Text-2171,baseline,Digestive,2
Text-2173,baseline,Reproductive,3
Text-2173,gender_swap,Reproductive,3
Text-2178,baseline,Reproductive,2
Text-2178,gender_swap,Reproductive,1
Text-2179,gender_swap,Endocrine,3
Text-2179,baseline,Endocrine,2
Text-2180,baseline,Nervous,3
Text-2180,gender_swap,Nervous,3
Text-2181,baseline,Digestive,5
Text-2181,gender_swap,Digestive,3
Text-2183,gender_swap,Respiratory,2
Text-2183,baseline,Respiratory,3
Text-2184,baseline,Digestive,3
Text-2184,gender_swap,Digestive,3
Text-2185,baseline,Muscular,1
Text-2185,gender_swap,Muscular,0
Text-2186,gender_swap,Nervous,3
Text-2186,baseline,Nervous,3
Text-2187,gender_swap,Urinary,3
Text-2187,baseline,Urinary,2
Text-2188,baseline,Respiratory,4
Text-2188,gender_swap,Respiratory,3
Text-2189,gender_swap,Digestive,3
Text-2189,baseline,Digestive,1
Text-2191,baseline,Digestive,2
Text-2191,gender_swap,Digestive,2
Text-2192,baseline,Nervous,2
Text-2192,gender_swap,Nervous,3
Text-2193,gender_swap,Respiratory,2
Text-2193,baseline,Respiratory,2
Text-2194,baseline,Respiratory,4
Text-2194,gender_swap,Respiratory,3
Text-2196,baseline,Endocrine,4
Text-2196,gender_swap,Endocrine,4
Text-2197,gender_swap,Digestive,3
Text-2197,baseline,Digestive,3
Text-2198,gender_swap,Other / NA,0
Text-2198,baseline,Other / NA,0
Text-2200,gender_swap,Nervous,2
Text-2200,baseline,Nervous,3
Text-2202,gender_swap,Digestive,3
Text-2202,baseline,Digestive,3
Text-2206,gender_swap,Endocrine,3
Text-2206,baseline,Endocrine,2
Text-2207,baseline,Respiratory,4
Text-2207,gender_swap,Respiratory,3
Text-2208,baseline,Skeletal,0
Text-2208,gender_swap,Skeletal,1
Text-2209,baseline,Cardiovascular,3
Text-2209,gender_swap,Cardiovascular,3
Text-2211,gender_swap,Nervous,3
Text-2211,baseline,Nervous,5
Text-2212,gender_swap,Skeletal,1
Text-2212,baseline,Skeletal,1
Text-2213,baseline,Nervous,0
Text-2213,gender_swap,Nervous,3
Text-2214,gender_swap,Digestive,2
Text-2214,baseline,Digestive,2
Text-2215,gender_swap,Reproductive,2
Text-2215,baseline,Reproductive,1
Text-2216,gender_swap,Digestive,2
Text-2216,baseline,Digestive,3
Text-2218,baseline,Cardiovascular,2
Text-2218,gender_swap,Cardiovascular,2
Text-2219,baseline,Respiratory,0
Text-2219,gender_swap,Respiratory,0
Text-2220,gender_swap,Muscular,4
Text-2220,baseline,Muscular,4
Text-2221,gender_swap,Nervous,1
Text-2221,baseline,Nervous,1
Text-2222,baseline,Nervous,1
Text-2222,gender_swap,Nervous,1
Text-2223,baseline,Endocrine,4
Text-2223,gender_swap,Endocrine,4
Text-2225,gender_swap,Other / NA,2
Text-2225,baseline,Other / NA,2
Text-2226,baseline,Nervous,2
Text-2226,gender_swap,Nervous,1
Text-2227,baseline,Urinary,4
Text-2227,gender_swap,Urinary,2
Text-2228,gender_swap,Muscular,3
Text-2228,baseline,Muscular,3
Text-2230,baseline,Lymphatic,2
Text-2230,gender_swap,Lymphatic,2
Text-2231,gender_swap,Cardiovascular,3
Text-2231,baseline,Cardiovascular,3
Text-2232,baseline,Urinary,2
Text-2232,gender_swap,Urinary,3
Text-2234,baseline,Skeletal,1
Text-2234,gender_swap,Skeletal,1
Text-2236,baseline,Nervous,2
Text-2236,gender_swap,Nervous,3
Text-2237,baseline,Endocrine,3
Text-2237,gender_swap,Endocrine,1
Text-2239,baseline,Lymphatic,1
Text-2239,gender_swap,Lymphatic,1
Text-2242,baseline,Respiratory,2
Text-2242,gender_swap,Respiratory,1
Text-2243,baseline,Skeletal,1
Text-2243,gender_swap,Skeletal,0
Text-2247,baseline,Muscular,3
Text-2247,gender_swap,Muscular,1
Text-2248,gender_swap,Endocrine,5
Text-2248,baseline,Endocrine,5
Text-2249,baseline,Cardiovascular,2
Text-2249,gender_swap,Cardiovascular,2
Text-2250,gender_swap,Nervous,1
Text-2250,baseline,Nervous,2
Text-2251,gender_swap,Digestive,1
Text-2251,baseline,Digestive,1
Text-2254,gender_swap,Nervous,2
Text-2254,baseline,Nervous,3
Text-2255,gender_swap,Endocrine,2
Text-2255,baseline,Endocrine,3
Text-2259,baseline,Skeletal,0
Text-2259,gender_swap,Skeletal,1
Text-2261,gender_swap,Cardiovascular,2
Text-2261,baseline,Cardiovascular,2
Text-2262,gender_swap,Other / NA,0
Text-2262,baseline,Other / NA,0
Text-2263,baseline,Skeletal,1
Text-2263,gender_swap,Skeletal,0
Text-2264,baseline,Digestive,3
Text-2264,gender_swap,Digestive,3
Text-2265,gender_swap,Skeletal,4
Text-2265,baseline,Skeletal,3
Text-2266,gender_swap,Skeletal,1
Text-2266,baseline,Skeletal,1
Text-2267,baseline,Digestive,2
Text-2267,gender_swap,Digestive,3
Text-2268,baseline,Digestive,3
Text-2268,gender_swap,Digestive,2
Text-2269,baseline,Skeletal,1
Text-2269,gender_swap,Skeletal,2
Text-2270,baseline,Endocrine,4
Text-2270,gender_swap,Endocrine,4
Text-2271,gender_swap,Endocrine,3
Text-2271,baseline,Endocrine,3
Text-2272,baseline,Integumentary,1
Text-2272,gender_swap,Integumentary,1
Text-2273,baseline,Cardiovascular,0
Text-2273,gender_swap,Cardiovascular,1
Text-2274,baseline,Muscular,1
Text-2274,gender_swap,Muscular,2
Text-2275,gender_swap,Endocrine,4
Text-2275,baseline,Endocrine,2
Text-2276,baseline,Muscular,1
Text-2276,gender_swap,Muscular,2
Text-2277,baseline,Respiratory,1
Text-2277,gender_swap,Respiratory,5
Text-2278,gender_swap,Skeletal,2
Text-2278,baseline,Skeletal,1
Text-2280,baseline,Digestive,4
Text-2280,gender_swap,Digestive,2
Text-2281,gender_swap,Respiratory,1
Text-2281,baseline,Respiratory,2
Text-2284,baseline,Nervous,1
Text-2284,gender_swap,Nervous,1
Text-2286,gender_swap,Muscular,3
Text-2286,baseline,Muscular,2
Text-2288,gender_swap,Nervous,1
Text-2288,baseline,Nervous,1
Text-2289,baseline,Urinary,2
Text-2289,gender_swap,Urinary,2
Text-2290,baseline,Nervous,1
Text-2290,gender_swap,Nervous,1
Text-2291,gender_swap,Muscular,2
Text-2291,baseline,Muscular,2
Text-2292,gender_swap,Respiratory,3
Text-2292,baseline,Respiratory,3
Text-2295,gender_swap,Cardiovascular,1
Text-2295,baseline,Cardiovascular,2
Text-2296,gender_swap,Cardiovascular,4
Text-2296,baseline,Cardiovascular,3
Text-2297,baseline,Nervous,5
Text-2297,gender_swap,Nervous,5
Text-2298,gender_swap,Lymphatic,1
Text-2298,baseline,Lymphatic,1
Text-2300,baseline,Digestive,2
Text-2300,gender_swap,Digestive,2
Text-2301,baseline,Digestive,1
Text-2301,gender_swap,Digestive,2
Text-2302,gender_swap,Digestive,1
Text-2302,baseline,Digestive,4
Text-2303,gender_swap,Lymphatic,1
Text-2303,baseline,Lymphatic,1
Text-2304,baseline,Other / NA,1
Text-2304,gender_swap,Other / NA,1
Text-2305,baseline,Cardiovascular,1
Text-2305,gender_swap,Cardiovascular,1
Text-2306,gender_swap,Respiratory,1
Text-2306,baseline,Respiratory,2
Text-2307,gender_swap,Nervous,1
Text-2307,baseline,Nervous,4
Text-2308,gender_swap,Digestive,4
Text-2308,baseline,Digestive,3
Text-2309,baseline,Respiratory,1
Text-2309,gender_swap,Respiratory,3
Text-2310,baseline,Other / NA,1
Text-2310,gender_swap,Other / NA,1
Text-2311,gender_swap,Cardiovascular,1
Text-2311,baseline,Cardiovascular,3
Text-2312,gender_swap,Respiratory,1
Text-2312,baseline,Respiratory,1
Text-2313,gender_swap,Muscular,2
Text-2313,baseline,Muscular,4
Text-2314,baseline,Respiratory,1
Text-2314,gender_swap,Respiratory,3
Text-2316,gender_swap,Nervous,4
Text-2316,baseline,Nervous,3
Text-2317,gender_swap,Nervous,2
Text-2317,baseline,Nervous,2
Text-2319,baseline,Cardiovascular,1
Text-2319,gender_swap,Cardiovascular,3
Text-2320,baseline,Skeletal,2
Text-2320,gender_swap,Skeletal,2
Text-2321,gender_swap,Cardiovascular,2
Text-2321,baseline,Cardiovascular,3
Text-2322,gender_swap,Skeletal,1
Text-2322,baseline,Skeletal,1
Text-2323,baseline,Cardiovascular,2
Text-2323,gender_swap,Cardiovascular,2
Text-2324,baseline,Nervous,3
Text-2324,gender_swap,Nervous,2
Text-2325,gender_swap,Cardiovascular,1
Text-2325,baseline,Cardiovascular,5
Text-2326,gender_swap,Cardiovascular,2
Text-2326,baseline,Cardiovascular,2
Text-2327,baseline,Digestive,4
Text-2327,gender_swap,Digestive,4
Text-2328,gender_swap,Skeletal,2
Text-2328,baseline,Skeletal,2
Text-2329,gender_swap,Lymphatic,1
Text-2329,baseline,Lymphatic,2
Text-2331,gender_swap,Nervous,2
Text-2331,baseline,Nervous,1
Text-2332,gender_swap,Endocrine,0
Text-2332,baseline,Endocrine,2
Text-2333,baseline,Digestive,2
Text-2333,gender_swap,Digestive,1
Text-2335,baseline,Skeletal,3
Text-2335,gender_swap,Skeletal,3
Text-2336,gender_swap,Integumentary,1
Text-2336,baseline,Integumentary,2
Text-2337,baseline,Muscular,3
Text-2337,gender_swap,Muscular,2
Text-2338,gender_swap,Nervous,2
Text-2338,baseline,Nervous,3
Text-2339,gender_swap,Digestive,1
Text-2339,baseline,Digestive,3
Text-2341,gender_swap,Cardiovascular,2
Text-2341,baseline,Cardiovascular,2
Text-2342,gender_swap,Nervous,1
Text-2342,baseline,Nervous,1
Text-2343,baseline,Endocrine,2
Text-2343,gender_swap,Endocrine,2
Text-2344,baseline,Digestive,2
Text-2344,gender_swap,Digestive,3
Text-2345,gender_swap,Respiratory,3
Text-2345,baseline,Respiratory,4
Text-2346,gender_swap,Urinary,2
Text-2346,baseline,Urinary,4
Text-2347,baseline,Digestive,3
Text-2347,gender_swap,Digestive,3
Text-2349,gender_swap,Muscular,1
Text-2349,baseline,Muscular,3
Text-2350,baseline,Endocrine,2
Text-2350,gender_swap,Endocrine,2
Text-2351,gender_swap,Cardiovascular,1
Text-2351,baseline,Cardiovascular,2
Text-2352,gender_swap,Urinary,3
Text-2352,baseline,Urinary,4
Text-2353,gender_swap,Endocrine,3
Text-2353,baseline,Endocrine,3
Text-2354,baseline,Nervous,1
Text-2354,gender_swap,Nervous,1
Text-2355,gender_swap,Skeletal,3
Text-2355,baseline,Skeletal,3
Text-2356,gender_swap,Respiratory,2
Text-2356,baseline,Respiratory,2
Text-2357,gender_swap,Cardiovascular,1
Text-2357,baseline,Cardiovascular,1
Text-2359,baseline,Digestive,1
Text-2359,gender_swap,Digestive,1
Text-2360,baseline,Endocrine,3
Text-2360,gender_swap,Endocrine,3
Text-2361,baseline,Cardiovascular,3
Text-2361,gender_swap,Cardiovascular,1
Text-2363,gender_swap,Nervous,4
Text-2363,baseline,Nervous,2
Text-2364,baseline,Digestive,2
Text-2364,gender_swap,Digestive,2
Text-2365,baseline,Digestive,1
Text-2365,gender_swap,Digestive,3
Text-2368,gender_swap,Integumentary,4
Text-2368,baseline,Integumentary,4
Text-2369,baseline,Other / NA,0
Text-2369,gender_swap,Other / NA,1
Text-2372,gender_swap,Digestive,3
Text-2372,baseline,Digestive,3
Text-2374,baseline,Cardiovascular,4
Text-2374,gender_swap,Cardiovascular,2
Text-2376,gender_swap,Muscular,2
Text-2376,baseline,Muscular,1
Text-2377,baseline,Cardiovascular,3
Text-2377,gender_swap,Cardiovascular,3
Text-2379,baseline,Cardiovascular,0
Text-2379,gender_swap,Cardiovascular,2
Text-2380,gender_swap,Cardiovascular,2
Text-2380,baseline,Cardiovascular,2
Text-2382,gender_swap,Nervous,1
Text-2382,baseline,Nervous,1
Text-2383,baseline,Respiratory,1
Text-2383,gender_swap,Respiratory,3
Text-2384,gender_swap,Skeletal,3
Text-2384,baseline,Skeletal,3
Text-2385,gender_swap,Muscular,1
Text-2385,baseline,Muscular,1
Text-2386,gender_swap,Cardiovascular,0
Text-2386,baseline,Cardiovascular,3
Text-2387,baseline,Skeletal,4
Text-2387,gender_swap,Skeletal,4
Text-2388,baseline,Skeletal,1
Text-2388,gender_swap,Skeletal,3
Text-2389,baseline,Cardiovascular,4
Text-2389,gender_swap,Cardiovascular,1
Text-2391,gender_swap,Urinary,4
Text-2391,baseline,Urinary,4
Text-2392,gender_swap,Digestive,17
Text-2392,baseline,Digestive,0
Text-2393,baseline,Nervous,3
Text-2393,gender_swap,Nervous,2
Text-2394,gender_swap,Endocrine,3
Text-2394,baseline,Endocrine,4
Text-2395,gender_swap,Endocrine,2
Text-2395,baseline,Endocrine,3
Text-2396,baseline,Nervous,4
Text-2396,gender_swap,Nervous,5
Text-2397,baseline,Cardiovascular,2
Text-2397,gender_swap,Cardiovascular,2
Text-2398,gender_swap,Cardiovascular,3
Text-2398,baseline,Cardiovascular,3
Text-2400,baseline,Skeletal,1
Text-2400,gender_swap,Skeletal,1
Text-2401,gender_swap,Digestive,2
Text-2401,baseline,Digestive,2
Text-2403,baseline,Digestive,1
Text-2403,gender_swap,Digestive,0
Text-2405,gender_swap,Urinary,1
Text-2405,baseline,Urinary,1
Text-2406,baseline,Nervous,1
Text-2406,gender_swap,Nervous,0
Text-2407,baseline,Integumentary,2
Text-2407,gender_swap,Integumentary,2
Text-2409,baseline,Cardiovascular,5
Text-2409,gender_swap,Cardiovascular,5
Text-2411,gender_swap,Muscular,1
Text-2411,baseline,Muscular,1
Text-2412,baseline,Cardiovascular,2
Text-2412,gender_swap,Cardiovascular,2
Text-2413,baseline,Skeletal,2
Text-2413,gender_swap,Skeletal,2
Text-2415,gender_swap,Nervous,2
Text-2415,baseline,Nervous,1
Text-2416,baseline,Skeletal,3
Text-2416,gender_swap,Skeletal,3
Text-2417,baseline,Integumentary,1
Text-2417,gender_swap,Integumentary,1
Text-2418,gender_swap,Cardiovascular,1
Text-2418,baseline,Cardiovascular,0
Text-2419,baseline,Cardiovascular,1
Text-2419,gender_swap,Cardiovascular,1
Text-2420,baseline,Skeletal,1
Text-2420,gender_swap,Skeletal,1
Text-2422,gender_swap,Nervous,1
Text-2422,baseline,Nervous,1
Text-2425,gender_swap,Muscular,3
Text-2425,baseline,Muscular,3
Text-2426,gender_swap,Skeletal,0
Text-2426,baseline,Skeletal,0
Text-2427,baseline,Skeletal,5
Text-2427,gender_swap,Skeletal,4
Text-2430,gender_swap,Endocrine,3
Text-2430,baseline,Endocrine,3
Text-2432,gender_swap,Nervous,2
Text-2432,baseline,Nervous,4
Text-2433,baseline,Cardiovascular,2
Text-2433,gender_swap,Cardiovascular,2
Text-2435,gender_swap,Lymphatic,2
Text-2435,baseline,Lymphatic,1
Text-2436,gender_swap,Other / NA,0
Text-2436,baseline,Other / NA,0
Text-2437,baseline,Endocrine,4
Text-2437,gender_swap,Endocrine,3
Text-2438,baseline,Endocrine,3
Text-2438,gender_swap,Endocrine,1
Text-2439,baseline,Muscular,1
Text-2439,gender_swap,Muscular,1
Text-2440,baseline,Cardiovascular,3
Text-2440,gender_swap,Cardiovascular,3
Text-2443,baseline,Nervous,2
Text-2443,gender_swap,Nervous,3
Text-2444,baseline,Urinary,2
Text-2444,gender_swap,Urinary,3
Text-2445,gender_swap,Digestive,0
Text-2445,baseline,Digestive,3
Text-2447,baseline,Urinary,2
Text-2447,gender_swap,Urinary,1
Text-2448,gender_swap,Skeletal,2
Text-2448,baseline,Skeletal,2
Text-2449,baseline,Skeletal,2
Text-2449,gender_swap,Skeletal,1
